
INSERT INTO PUBLIC.USER_ROLES(USER_ROLE_ID, ROLE_NAME) VALUES
(2, 'ROLE_ADMIN'),
(4, 'ROLE_USER'),
(6, 'ROLE_USER'),
(8, 'ROLE_USER'),
(10, 'ROLE_USER'),
(12, 'ROLE_USER'),
(14, 'ROLE_USER'),
(16, 'ROLE_USER'),
(18, 'ROLE_USER'),
(20, 'ROLE_USER'),
(22, 'ROLE_USER'),
(24, 'ROLE_USER'),
(26, 'ROLE_USER'),
(28, 'ROLE_USER'),
(30, 'ROLE_USER'),
(32, 'ROLE_USER'),
(34, 'ROLE_USER'),
(36, 'ROLE_USER'),
(38, 'ROLE_USER'),
(40, 'ROLE_USER'),
(42, 'ROLE_USER'),
(44, 'ROLE_USER'),
(46, 'ROLE_USER'),
(48, 'ROLE_USER'),
(50, 'ROLE_USER'),
(52, 'ROLE_USER'),
(54, 'ROLE_USER'),
(56, 'ROLE_USER'),
(58, 'ROLE_USER');

INSERT INTO PUBLIC.USER_CREDENTIALS(USER_CREDENTIALS_ID, ACTIVE, COMPLETED_PROFILE, EMAIL, PASSWORD, PASSWORD_CONFIRM, USERNAME) VALUES
(1, 1, FALSE, 'lzhang422@gmail.com', '$2a$10$L7y/MngXv1bBPgc1upJpe.DL0KZXnoVNbUeehm5uSvcj/hoG9vVjK', '$2a$10$tldInB1fI1.z6b9NFc4dYu8VcLoIU.blpTK1zU20qZII/ikil1UgK', 'test.user'),
(3, 1, FALSE, 'jackie.babos@us.gt.com', '$2a$10$PelaA3mDNfXlJMvGJ.RWyOCZOM5y.81C8CHhIeiXp3.GYzQZqHC9a', '$2a$10$sGHTRYwqvE/acy2IQUqnVeU44XgxS75c4HlU8VIHTzJFRbD39BOTC', 'Jackie.Babos'),
(5, 1, FALSE, 'jacob.goldstein@us.gt.com', '$2a$10$.QLofSoBF1IksLWn/v8afu3u6UZXMwNTQ0UIyB1cHo9bhUn1mopEe', '$2a$10$nUbxONYuRL2CZ5WrwQK5H.GEjjUpaYm38zv3fQlEp1Yu0/Alx0EBy', 'Jacob.Goldstein'),
(7, 1, FALSE, 'avo.reid@us.gt.com', '$2a$10$XXoSZzdWreOFTgqhlIVJa.AT40XfnobFUqr1LT7FJG8ka9r2OMpS6', '$2a$10$v7O/2NF21SYa4iIki.97eubCqtNQ1YMd.yqMn/KhgqXI367z6t9jG', 'Avo.Reed'),
(9, 1, FALSE, 'li.zhang@us.gt.com', '$2a$10$lyAGiyUOM98oCg0Z/WCz7utgHAIiIO6g.ElbtaMVxG1ik.rK4/A3C', '$2a$10$ZUaEOOWoRTOOi9FjzC07NOFTwr/2BAFlHlCYFg0cPD2XdM33fUok.', 'Li.Zhang'),
(11, 1, FALSE, 'lynn.stanikmas@us.gt.com', '$2a$10$9HOAuWDz/aEN5xZMdMr1v.vvH/Q9xJttfzGiQa76k3FoHUFT2/mwC', '$2a$10$JUvihfL3tgXnsti95/tZcOQyhBQB4.ButypOkxFpsqBAprWI6uaGK', 'Lynn.Istanikmas'),
(13, 1, FALSE, 'matthew.kim1@uspto.gov', '$2a$10$tZavAtV8ZJZE28O9XfPbLOOAEH1sRGexO87EoMuotP3OooXYQngQW', '$2a$10$4USZCUfkbxq0WxyiCHnwseuUACyG5XqalT7/WMiu3Ox0gbt42hcyK', 'Matt.Kim'),
(15, 1, FALSE, 'kerrie.washington@uspto.gov', '$2a$10$LG77qwbUBkrtuMSdbbkxLe0UQ9eoE68onoNA2TkHimdIpVUQGeTp6', '$2a$10$TOFVoVMYY7fWDvDRNUIGoOy/HUVouMOHREqWPNLeW5WF0JW5aIx8m', 'Kerrie.Washington'),
(17, 1, FALSE, 'cameron.carter1@uspto.gov', '$2a$10$XM6hEw07WzI9nV2Iwpvo4e8VhxGNYo7b41rL6Mn6V3C.9x0BqfUI6', '$2a$10$v6E.Md6MmpvXBh/4ikCc0u7f7z5lisWTgl9ET7VLHRzzgAbZrAoOi', 'Cameron.Carter'),
(19, 1, FALSE, 'courtney.postell@uspto.gov', '$2a$10$Cxjv53IfwbQAccXBzZBWY.epfEIwbOUoYhp5UyUXtDDTd7.fvxxH6', '$2a$10$i2FMXbdiqAZbJEjXjj0BZ.r8VF.UPtOAAnET5zmFXYAI5lMVKSvTK', 'Courtney.Postell'),
(21, 1, FALSE, 'crystal.hlywa@uspto.gov', '$2a$10$Pe06puk15feIido8SsoQ9uMgD4FJd5C7Kjh13d5t9tUnI1wrTdxwK', '$2a$10$u5CCC5evdlsqgVTFxSGK3OykQmWb2wwQOAI0FQVS5Dd1mF/gDZPV2', 'Crystal.Hlywa'),
(23, 1, FALSE, 'stacey.hatfield@uspto.gov', '$2a$10$nnHKda02mmpJ559DQ7/6..M7LkpVzimfGynNMJ/Nv1zSyq.b2jlJ.', '$2a$10$KpzpMAiDLVqq17kI93Suw.PiDUDvrRZlzkIuHB8pZqpp9yGgtbiXm', 'Stacy.Hatfield'),
(25, 1, FALSE, 'nino.arvanitis@uspto.gov', '$2a$10$Hp7oMFddMr1b6bixICN0F.zfhKgftyBA/yud3wcTDSn/ToRjtq1Wq', '$2a$10$I9JO7Q0glG9UxiLx4NleI.NXi8ZZ7wu7RB9YPLcBbHYgMzLP3opRK', 'Nino.Arvanitis'),
(27, 1, FALSE, 'tammie.diggs@uspto.gov', '$2a$10$gdKqMQej/9ZxugNtXWQ2uOeOgxZ0ibMKCymUQcxS2uAjBj5hw/Zzm', '$2a$10$MHLBzQdFnO/dzljoehsjb.YTuyGX6IR/nM/a8znEWgHa8/hSR3IKW', 'Tammie.Diggs'),
(29, 1, FALSE, 'stephen.aquila@uspto.gov', '$2a$10$f9SUXQK4fJSEp5GNhhAxpeLBJfmbVcO99V77tzoZznjAR.kflbLfS', '$2a$10$tsZKHMo7dVYPaKo4mmJLrOG1jshI0iYoHhPLDJKMSK0vY9RiG57/G', 'Stephen.Aquila'),
(31, 1, FALSE, 'nelson.betancourt@uspto.gov', '$2a$10$xRtDAf7G5V1GbeAgRt6Gx.2m2tdCdRnngUy1.xrY11rKhnHPUBxqW', '$2a$10$LthPn1zOdixuF3CFWOwRyOyjr48hxQN3lHyV5y2C08mKD8Ze.dxYO', 'Nelson.Betancourt'),
(33, 1, FALSE, 'tyle.auduong@uspto.gov', '$2a$10$P.jMH9/T1Ke28ZJBUMWsEubpGwUl7.tnyenrBtkT38qIyzw/gGSBa', '$2a$10$hnlSypom7oCgDKYFmcyMCeiAOcVtb33msI2aDFlBsMSJQ9a6H7vdK', 'Tyle.Auduong'),
(35, 1, FALSE, 'glen.brown@uspto.gov', '$2a$10$PZnUhN5qo3I7vxQrNqdusefD7v2ac01mICPhUlwT1HTRgz.Vlfooe', '$2a$10$TFvDvs57U8ujDsrWDpD0L.U7PUVnUBmUE9A.zQp6suvISA8ccnH0i', 'Glen.Brown'),
(37, 1, FALSE, 'hang.tran@uspto.gov', '$2a$10$NezKVc.LzkBvDFdzyPOztueiw65qGBX6JP1CCF9n9j404RRj5PJeS', '$2a$10$k25Dk8WVswQgOWnLUvVw4O9NWB50.9AkME1ilhrQJTIb.GkVmuCga', 'Hang.Tran'),
(39, 1, FALSE, 'alex.blair@test.com', '$2a$10$9fqTxvX2Tmv4H9W9Y6898uF.5KcfTp65pbqRtbuMXlawUIOug5Yde', '$2a$10$8LHgT6838N6gBHhOQCxA3OLc7R9LL4bf0wEFs/7oOLuotAOv5kqJG', 'Alex.Blair'),
(41, 1, FALSE, 'bahama.mamas@gmail.com', '$2a$10$BGXYDjO8nUHdbpcVuLl8oOv0Ry9ClJafJcyjfma32btS8N4QRt3xO', '$2a$10$mOD41JzyaaRPS69o13HIReU4nUD8wlV6HlUcEIEqlHIdcQKrcarIC', 'Bahama Mama''s.Treats and Sweets'),
(43, 1, FALSE, 'richhans@abc.com', '$2a$10$UhVxW0jw9UDsYrkTRmBUK.fxA4BC3n0Uc0P/2mbAZ/pj1AttNEmz6', '$2a$10$gdOC1oZqCamEnv5lac/M6eXN75C.Z2UrSnFxgww.EHm.ItXdsDv7C', 'Hans.Richardson');
INSERT INTO PUBLIC.USER_CREDENTIALS(USER_CREDENTIALS_ID, ACTIVE, COMPLETED_PROFILE, EMAIL, PASSWORD, PASSWORD_CONFIRM, USERNAME) VALUES
(45, 1, FALSE, 'lstanikmas@gmail.com', '$2a$10$edbw4jAUcVfEAknPZMG5O.x1tOC5ZXs.EisKjkUIk8sCKUWhqPRDC', '$2a$10$Ftgu2PtK4kxM/RWxnAsBkuWYIDg14O.uNGnA8TWzxGQPf6CzMkF9q', 'Lynn.Istanikmas'),
(47, 1, FALSE, 'tina.donbeck@uspto.gov', '$2a$10$EV5FVLoIIrweozT.fDxNIehzJfwu2c4XK2b7ywAq7CIPmZdfK46Sy', '$2a$10$PTWwunLYvOecmQkPOlJqn.ryOs3Is0P08KqaHLapc73bsL0wAKJ.S', 'Tina.Donbeck'),
(49, 1, FALSE, 'albert.young@uspto.gov', '$2a$10$/uUpLO5LxOe2hAaa19tGF.KNahglDu4dtXfrjcH0yAv/jbr3H7LCC', '$2a$10$hd49E6ivx4OKuHZ3piSMRekx5csFxtgS5dNji.8Nst4qh102fdTHC', 'Albert.Young'),
(51, 1, FALSE, 'keyte.ernst@uspto.gov', '$2a$10$w/O5Qtr789XAB8p2GTnNeuqX52V.ib3qFB9nDJ87ZpOS.J8Ex3Bgy', '$2a$10$E1c59bEnbYpkk9ql3WIrFO1ceJFfVu.fiIE7hHZE4Hf4kcDcmiZwi', 'Keyte.Ernst'),
(53, 1, FALSE, 'shelly.matte@uspto.gov', '$2a$10$vESHvpb2sO.SRPIuewtQlO9/I25WLYlFu7LbfQTCtRoiAW6Yas8AW', '$2a$10$Me8KMeaiKS2bVnSe8Hy4dO6f0Y2wDSQVGX5v2UP//Mm5qrxB9s1SO', 'Shelly.Matte'),
(55, 1, FALSE, 'tuong-vi.nguyen@uspto.gov', '$2a$10$xjXfV8GkO6.oJDPFWQ36J.OmYDUmpL1lAIIBWchdIUatQYTWs2qs2', '$2a$10$t89Y2i9rWdtwcD.VYWPlKeJZlnTzHAIaxlWarTb3YCxoGAsxTKR9q', 'Tuong-Vi.Nguyen'),
(57, 1, FALSE, 'serra.trinh@us.gt.com', '$2a$10$4lPUSXrJUA6dI/OfFd3VVOuhe3fPkoA4rh52TOE0U3A27x0MAK0ra', '$2a$10$PFAHqJppprGuTL3lw/qQ0ubbaBsPs1CfaPjc2P3aZfH5kn6rNC3Yu', 'Serra.Trinh');

INSERT INTO PUBLIC.CREDENTIALS_ROLE(USER_CREDENTIALS_ID, USER_ROLE_ID) VALUES
(1, 2),
(3, 4),
(5, 6),
(7, 8),
(9, 10),
(11, 12),
(13, 14),
(15, 16),
(17, 18),
(19, 20),
(21, 22),
(23, 24),
(25, 26),
(27, 28),
(29, 30),
(31, 32),
(33, 34),
(35, 36),
(37, 38),
(39, 40),
(41, 42),
(43, 44),
(45, 46),
(47, 48),
(49, 50),
(51, 52),
(53, 54),
(55, 56),
(57, 58);




INSERT INTO PUBLIC.USER_PERSONAL_DATA(DTYPE, ID, ADDRESS, ALTERNATE_EMAIL, CITY, COUNTRY, EMAIL, FIRST_NAME, LAST_NAME, MIDLLE_NAME, PRIMARY_PHONENUMBER, STATE, SUFFIX, TITLE, ZIPCODE, COMPANY_NAME, LAST_CONTACT_DATE, PREFERRED_CONTACT_METHOD, AFFILIATION_STATUS, AFFILIATION_STATUS_SET, BAR_ADMISSION_DATE, BAR_CERTIFICATE_IMAGE_FILE_NAME, BAR_CERTIFICATE_IMAGE_KEY, BAR_CERTIFICATE_IMAGE_UPLOADED, CANADIAN_AGENT_NAME, MEMBERSHIP_NUMBER, ADDRESS1, ADDRESS2, ADDRESS3, AFFLIATIONUS, BAR_CERTIFCATEPDF, BAR_JURISDICTION, BAR_LICENSE, COLLAPSEID, DOCKET_NUMBER, DOCKET_NUMBER_LIST, IS_APPLICANTCA, IS_PRIMARY, LAW_FIRM_NAME, US_CERTIFY_CHECK, VALID_BAR_ASSOCIATION, CITIZEN_SHIP, ALTERNAME_SET, FOREIGN_ENTITY_OWNER, GOVERNING_ENTITIES_DISPLAY_NAME, GOVERNING_ENTITIES_TYPE_OWNER, OWNER_ADDITIONAL_NAME, OWNER_DISPLAYNAME, OWNER_ENITY_TYPE, OWNER_NAME, OWNER_ORGANIZATION_STATE, OWNER_SOLP_FIRST_NAME, OWNER_SOLP_LAST_NAME, OWNER_SOLP_MIDDLE_NAME, OWNER_TYPE, OWNERSUB_TYPE, PERSON_TYPE_OWNER, WEB_SITEURL, CONTACT_TYPE, DISPLAY_NAME, OWNER_COUNTRY_OF_CITIZENSHIP, OWNER_ENTITY_NAME, OWNER_ENTITY_TYPE, OWNER_STATE_OF_FORMATION, CONTINUATIONURL, PROFILE_COMPLETE, TWO_FACTOR_AUTH_TYPE, USE_TWO_FACTOR_AUTHENTICATION, CLIENT_ID, POOL_MEMBER_ID, PRIMARY_CASE_ID, PRIMARY_APPLICATION_ID, TRADEMARK_APPLICATION_ID, CONTACT_OWNER_ID, USER_CREDENTIALS_USER_CREDENTIALS_ID) VALUES
('PTOUser', 1, '1115 Reserve Champion Drive', NULL, 'Rockville', 'X1', 'lzhang422@gmail.com', 'test', 'user', NULL, '571-839-3730', 'MD', NULL, NULL, '20850', NULL, NULL, NULL, NULL, NULL, NULL, NULL, NULL, NULL, NULL, NULL, NULL, NULL, NULL, NULL, NULL, NULL, NULL, NULL, NULL, NULL, NULL, NULL, NULL, NULL, NULL, NULL, NULL, NULL, NULL, NULL, NULL, NULL, NULL, NULL, NULL, NULL, NULL, NULL, NULL, NULL, NULL, NULL, NULL, NULL, NULL, NULL, NULL, NULL, NULL, TRUE, 'email', FALSE, NULL, NULL, NULL, NULL, NULL, NULL, 1),
('Lawyer', 2, '333 Carlyle Ave', NULL, 'Alexandria', NULL, 'li.zhang@us.gt.com', 'test', 'lawyer', NULL, '333-333-3333', 'VA', NULL, NULL, '22222', NULL, NULL, NULL, NULL, FALSE, NULL, NULL, NULL, FALSE, NULL, NULL, '333 Carlyle Ave', NULL, NULL, FALSE, FALSE, 'Washington DC Bar Association', 'DC234567889', NULL, '100000000111', X'aced0005737200136a6176612e7574696c2e41727261794c6973747881d21d99c7619d03000149000473697a6578700000000177040000000174000e31323334352e363637392d51464778', FALSE, FALSE, 'Grant Thornton, LLC', FALSE, FALSE, NULL, NULL, NULL, NULL, NULL, NULL, NULL, NULL, NULL, NULL, NULL, NULL, NULL, NULL, NULL, NULL, NULL, NULL, NULL, NULL, NULL, NULL, NULL, NULL, NULL, NULL, NULL, 1, NULL, NULL, NULL, NULL, NULL, NULL),
('Owner', 3, '1115 Reserve Champion Drive', NULL, 'Rockville', NULL, 'lzhang422@gmail.com', 'test', 'user', NULL, NULL, 'MD', NULL, NULL, '20850', NULL, NULL, NULL, NULL, NULL, NULL, NULL, NULL, NULL, NULL, NULL, '1115 Reserve Champion Drive', NULL, NULL, NULL, NULL, NULL, NULL, NULL, NULL, NULL, NULL, NULL, NULL, NULL, NULL, 'X1', FALSE, FALSE, NULL, FALSE, NULL, NULL, 'US', NULL, NULL, NULL, NULL, NULL, NULL, 'Individual', FALSE, NULL, NULL, NULL, NULL, NULL, NULL, NULL, NULL, NULL, NULL, NULL, 1, NULL, NULL, NULL, NULL, NULL, NULL),
('ManagedContact', 4, '1115 Reserve Champion Drive', NULL, 'Rockville', 'X1', 'lzhang422@gmail.com', 'test', 'user', NULL, '571-839-3730', 'MD', NULL, NULL, '20850', NULL, NULL, NULL, NULL, NULL, NULL, NULL, NULL, NULL, NULL, NULL, NULL, NULL, NULL, NULL, NULL, NULL, NULL, NULL, NULL, NULL, NULL, NULL, NULL, NULL, NULL, NULL, NULL, NULL, NULL, NULL, NULL, NULL, NULL, NULL, NULL, NULL, NULL, NULL, NULL, NULL, NULL, NULL, 'attorney', 'test user', NULL, NULL, NULL, NULL, NULL, NULL, NULL, NULL, NULL, NULL, NULL, NULL, NULL, NULL, NULL),
('PTOUser', 5, '333 Carlyle ave', NULL, 'Alexandria', 'United States of America', 'jackie.babos@us.gt.com', 'Jackie', 'Babos', NULL, '333-333-3333', 'VA', NULL, NULL, '22222', NULL, NULL, NULL, NULL, NULL, NULL, NULL, NULL, NULL, NULL, NULL, NULL, NULL, NULL, NULL, NULL, NULL, NULL, NULL, NULL, NULL, NULL, NULL, NULL, NULL, NULL, NULL, NULL, NULL, NULL, NULL, NULL, NULL, NULL, NULL, NULL, NULL, NULL, NULL, NULL, NULL, NULL, NULL, NULL, NULL, NULL, NULL, NULL, NULL, NULL, TRUE, 'email', FALSE, NULL, NULL, NULL, NULL, NULL, NULL, 3);
INSERT INTO PUBLIC.USER_PERSONAL_DATA(DTYPE, ID, ADDRESS, ALTERNATE_EMAIL, CITY, COUNTRY, EMAIL, FIRST_NAME, LAST_NAME, MIDLLE_NAME, PRIMARY_PHONENUMBER, STATE, SUFFIX, TITLE, ZIPCODE, COMPANY_NAME, LAST_CONTACT_DATE, PREFERRED_CONTACT_METHOD, AFFILIATION_STATUS, AFFILIATION_STATUS_SET, BAR_ADMISSION_DATE, BAR_CERTIFICATE_IMAGE_FILE_NAME, BAR_CERTIFICATE_IMAGE_KEY, BAR_CERTIFICATE_IMAGE_UPLOADED, CANADIAN_AGENT_NAME, MEMBERSHIP_NUMBER, ADDRESS1, ADDRESS2, ADDRESS3, AFFLIATIONUS, BAR_CERTIFCATEPDF, BAR_JURISDICTION, BAR_LICENSE, COLLAPSEID, DOCKET_NUMBER, DOCKET_NUMBER_LIST, IS_APPLICANTCA, IS_PRIMARY, LAW_FIRM_NAME, US_CERTIFY_CHECK, VALID_BAR_ASSOCIATION, CITIZEN_SHIP, ALTERNAME_SET, FOREIGN_ENTITY_OWNER, GOVERNING_ENTITIES_DISPLAY_NAME, GOVERNING_ENTITIES_TYPE_OWNER, OWNER_ADDITIONAL_NAME, OWNER_DISPLAYNAME, OWNER_ENITY_TYPE, OWNER_NAME, OWNER_ORGANIZATION_STATE, OWNER_SOLP_FIRST_NAME, OWNER_SOLP_LAST_NAME, OWNER_SOLP_MIDDLE_NAME, OWNER_TYPE, OWNERSUB_TYPE, PERSON_TYPE_OWNER, WEB_SITEURL, CONTACT_TYPE, DISPLAY_NAME, OWNER_COUNTRY_OF_CITIZENSHIP, OWNER_ENTITY_NAME, OWNER_ENTITY_TYPE, OWNER_STATE_OF_FORMATION, CONTINUATIONURL, PROFILE_COMPLETE, TWO_FACTOR_AUTH_TYPE, USE_TWO_FACTOR_AUTHENTICATION, CLIENT_ID, POOL_MEMBER_ID, PRIMARY_CASE_ID, PRIMARY_APPLICATION_ID, TRADEMARK_APPLICATION_ID, CONTACT_OWNER_ID, USER_CREDENTIALS_USER_CREDENTIALS_ID) VALUES
('ManagedContact', 6, '333 Carlyle ave', NULL, 'Alexandria', 'United States of America', 'jackie.babos@us.gt.com', 'Jackie', 'Babos', NULL, '333-333-3333', 'VA', NULL, NULL, '22222', NULL, NULL, NULL, NULL, NULL, NULL, NULL, NULL, NULL, NULL, NULL, NULL, NULL, NULL, NULL, NULL, NULL, NULL, NULL, NULL, NULL, NULL, NULL, NULL, NULL, NULL, NULL, NULL, NULL, NULL, NULL, NULL, NULL, NULL, NULL, NULL, NULL, NULL, NULL, NULL, NULL, NULL, NULL, 'owner', 'Jackie Babos', NULL, NULL, NULL, NULL, NULL, NULL, NULL, NULL, NULL, NULL, NULL, NULL, NULL, NULL, NULL),
('PTOUser', 7, '333 Carlyle ave', NULL, 'Alexandria', 'United States of America', 'jacob.goldstein@us.gt.com', 'Jacob', 'Goldstein', NULL, '444-444-444', 'VA', NULL, NULL, '22222', NULL, NULL, NULL, NULL, NULL, NULL, NULL, NULL, NULL, NULL, NULL, NULL, NULL, NULL, NULL, NULL, NULL, NULL, NULL, NULL, NULL, NULL, NULL, NULL, NULL, NULL, NULL, NULL, NULL, NULL, NULL, NULL, NULL, NULL, NULL, NULL, NULL, NULL, NULL, NULL, NULL, NULL, NULL, NULL, NULL, NULL, NULL, NULL, NULL, NULL, TRUE, 'email', FALSE, NULL, NULL, NULL, NULL, NULL, NULL, 5),
('ManagedContact', 8, '333 Carlyle ave', NULL, 'Alexandria', 'United States of America', 'jacob.goldstein@us.gt.com', 'Jacob', 'Goldstein', NULL, '444-444-444', 'VA', NULL, NULL, '22222', NULL, NULL, NULL, NULL, NULL, NULL, NULL, NULL, NULL, NULL, NULL, NULL, NULL, NULL, NULL, NULL, NULL, NULL, NULL, NULL, NULL, NULL, NULL, NULL, NULL, NULL, NULL, NULL, NULL, NULL, NULL, NULL, NULL, NULL, NULL, NULL, NULL, NULL, NULL, NULL, NULL, NULL, NULL, 'owner', 'Jacob Goldstein', NULL, NULL, NULL, NULL, NULL, NULL, NULL, NULL, NULL, NULL, NULL, NULL, NULL, NULL, NULL),
('PTOUser', 9, '333 Carlyle ave', NULL, 'Alexandria', 'United States of America', 'avo.reid@us.gt.com', 'Avo', 'Reed', NULL, '222-22-2222', 'VA', NULL, NULL, '22222', NULL, NULL, NULL, NULL, NULL, NULL, NULL, NULL, NULL, NULL, NULL, NULL, NULL, NULL, NULL, NULL, NULL, NULL, NULL, NULL, NULL, NULL, NULL, NULL, NULL, NULL, NULL, NULL, NULL, NULL, NULL, NULL, NULL, NULL, NULL, NULL, NULL, NULL, NULL, NULL, NULL, NULL, NULL, NULL, NULL, NULL, NULL, NULL, NULL, NULL, TRUE, 'email', FALSE, NULL, NULL, NULL, NULL, NULL, NULL, 7),
('ManagedContact', 10, '333 Carlyle ave', NULL, 'Alexandria', 'United States of America', 'avo.reid@us.gt.com', 'Avo', 'Reed', NULL, '222-22-2222', 'VA', NULL, NULL, '22222', NULL, NULL, NULL, NULL, NULL, NULL, NULL, NULL, NULL, NULL, NULL, NULL, NULL, NULL, NULL, NULL, NULL, NULL, NULL, NULL, NULL, NULL, NULL, NULL, NULL, NULL, NULL, NULL, NULL, NULL, NULL, NULL, NULL, NULL, NULL, NULL, NULL, NULL, NULL, NULL, NULL, NULL, NULL, 'owner', 'Avo Reed', NULL, NULL, NULL, NULL, NULL, NULL, NULL, NULL, NULL, NULL, NULL, NULL, NULL, NULL, NULL);
INSERT INTO PUBLIC.USER_PERSONAL_DATA(DTYPE, ID, ADDRESS, ALTERNATE_EMAIL, CITY, COUNTRY, EMAIL, FIRST_NAME, LAST_NAME, MIDLLE_NAME, PRIMARY_PHONENUMBER, STATE, SUFFIX, TITLE, ZIPCODE, COMPANY_NAME, LAST_CONTACT_DATE, PREFERRED_CONTACT_METHOD, AFFILIATION_STATUS, AFFILIATION_STATUS_SET, BAR_ADMISSION_DATE, BAR_CERTIFICATE_IMAGE_FILE_NAME, BAR_CERTIFICATE_IMAGE_KEY, BAR_CERTIFICATE_IMAGE_UPLOADED, CANADIAN_AGENT_NAME, MEMBERSHIP_NUMBER, ADDRESS1, ADDRESS2, ADDRESS3, AFFLIATIONUS, BAR_CERTIFCATEPDF, BAR_JURISDICTION, BAR_LICENSE, COLLAPSEID, DOCKET_NUMBER, DOCKET_NUMBER_LIST, IS_APPLICANTCA, IS_PRIMARY, LAW_FIRM_NAME, US_CERTIFY_CHECK, VALID_BAR_ASSOCIATION, CITIZEN_SHIP, ALTERNAME_SET, FOREIGN_ENTITY_OWNER, GOVERNING_ENTITIES_DISPLAY_NAME, GOVERNING_ENTITIES_TYPE_OWNER, OWNER_ADDITIONAL_NAME, OWNER_DISPLAYNAME, OWNER_ENITY_TYPE, OWNER_NAME, OWNER_ORGANIZATION_STATE, OWNER_SOLP_FIRST_NAME, OWNER_SOLP_LAST_NAME, OWNER_SOLP_MIDDLE_NAME, OWNER_TYPE, OWNERSUB_TYPE, PERSON_TYPE_OWNER, WEB_SITEURL, CONTACT_TYPE, DISPLAY_NAME, OWNER_COUNTRY_OF_CITIZENSHIP, OWNER_ENTITY_NAME, OWNER_ENTITY_TYPE, OWNER_STATE_OF_FORMATION, CONTINUATIONURL, PROFILE_COMPLETE, TWO_FACTOR_AUTH_TYPE, USE_TWO_FACTOR_AUTHENTICATION, CLIENT_ID, POOL_MEMBER_ID, PRIMARY_CASE_ID, PRIMARY_APPLICATION_ID, TRADEMARK_APPLICATION_ID, CONTACT_OWNER_ID, USER_CREDENTIALS_USER_CREDENTIALS_ID) VALUES
('PTOUser', 11, '333 Carlyle ave', NULL, 'Alexandria', 'United States of America', 'li.zhang@us.gt.com', 'Li', 'Zhang', NULL, '555-555-5555', 'VA', NULL, NULL, '22222', NULL, NULL, NULL, NULL, NULL, NULL, NULL, NULL, NULL, NULL, NULL, NULL, NULL, NULL, NULL, NULL, NULL, NULL, NULL, NULL, NULL, NULL, NULL, NULL, NULL, NULL, NULL, NULL, NULL, NULL, NULL, NULL, NULL, NULL, NULL, NULL, NULL, NULL, NULL, NULL, NULL, NULL, NULL, NULL, NULL, NULL, NULL, NULL, NULL, NULL, TRUE, 'email', FALSE, NULL, NULL, NULL, NULL, NULL, NULL, 9),
('ManagedContact', 12, '333 Carlyle ave', NULL, 'Alexandria', 'United States of America', 'li.zhang@us.gt.com', 'Li', 'Zhang', NULL, '555-555-5555', 'VA', NULL, NULL, '22222', NULL, NULL, NULL, NULL, NULL, NULL, NULL, NULL, NULL, NULL, NULL, NULL, NULL, NULL, NULL, NULL, NULL, NULL, NULL, NULL, NULL, NULL, NULL, NULL, NULL, NULL, NULL, NULL, NULL, NULL, NULL, NULL, NULL, NULL, NULL, NULL, NULL, NULL, NULL, NULL, NULL, NULL, NULL, 'owner', 'Li Zhang', NULL, NULL, NULL, NULL, NULL, NULL, NULL, NULL, NULL, NULL, NULL, NULL, NULL, NULL, NULL),
('PTOUser', 13, '333 Carlyle ave', NULL, 'Alexandria', 'United States of America', 'lynn.stanikmas@us.gt.com', 'Lynn', 'Istanikmas', NULL, '555-555-5555', 'VA', NULL, NULL, '22222', NULL, NULL, NULL, NULL, NULL, NULL, NULL, NULL, NULL, NULL, NULL, NULL, NULL, NULL, NULL, NULL, NULL, NULL, NULL, NULL, NULL, NULL, NULL, NULL, NULL, NULL, NULL, NULL, NULL, NULL, NULL, NULL, NULL, NULL, NULL, NULL, NULL, NULL, NULL, NULL, NULL, NULL, NULL, NULL, NULL, NULL, NULL, NULL, NULL, NULL, TRUE, 'email', FALSE, NULL, NULL, NULL, NULL, NULL, NULL, 11),
('ManagedContact', 14, '333 Carlyle ave', NULL, 'Alexandria', 'United States of America', 'lynn.stanikmas@us.gt.com', 'Lynn', 'Istanikmas', NULL, '555-555-5555', 'VA', NULL, NULL, '22222', NULL, NULL, NULL, NULL, NULL, NULL, NULL, NULL, NULL, NULL, NULL, NULL, NULL, NULL, NULL, NULL, NULL, NULL, NULL, NULL, NULL, NULL, NULL, NULL, NULL, NULL, NULL, NULL, NULL, NULL, NULL, NULL, NULL, NULL, NULL, NULL, NULL, NULL, NULL, NULL, NULL, NULL, NULL, 'owner', 'Lynn Istanikmas', NULL, NULL, NULL, NULL, NULL, NULL, NULL, NULL, NULL, NULL, NULL, NULL, NULL, NULL, NULL),
('PTOUser', 15, '600 Dulany Street', NULL, 'Alexandria', 'United States of America', 'matthew.kim1@uspto.gov', 'Matt', 'Kim', NULL, '555-555-5555', 'VA', NULL, NULL, '22222', NULL, NULL, NULL, NULL, NULL, NULL, NULL, NULL, NULL, NULL, NULL, NULL, NULL, NULL, NULL, NULL, NULL, NULL, NULL, NULL, NULL, NULL, NULL, NULL, NULL, NULL, NULL, NULL, NULL, NULL, NULL, NULL, NULL, NULL, NULL, NULL, NULL, NULL, NULL, NULL, NULL, NULL, NULL, NULL, NULL, NULL, NULL, NULL, NULL, NULL, TRUE, 'email', FALSE, NULL, NULL, NULL, NULL, NULL, NULL, 13);
INSERT INTO PUBLIC.USER_PERSONAL_DATA(DTYPE, ID, ADDRESS, ALTERNATE_EMAIL, CITY, COUNTRY, EMAIL, FIRST_NAME, LAST_NAME, MIDLLE_NAME, PRIMARY_PHONENUMBER, STATE, SUFFIX, TITLE, ZIPCODE, COMPANY_NAME, LAST_CONTACT_DATE, PREFERRED_CONTACT_METHOD, AFFILIATION_STATUS, AFFILIATION_STATUS_SET, BAR_ADMISSION_DATE, BAR_CERTIFICATE_IMAGE_FILE_NAME, BAR_CERTIFICATE_IMAGE_KEY, BAR_CERTIFICATE_IMAGE_UPLOADED, CANADIAN_AGENT_NAME, MEMBERSHIP_NUMBER, ADDRESS1, ADDRESS2, ADDRESS3, AFFLIATIONUS, BAR_CERTIFCATEPDF, BAR_JURISDICTION, BAR_LICENSE, COLLAPSEID, DOCKET_NUMBER, DOCKET_NUMBER_LIST, IS_APPLICANTCA, IS_PRIMARY, LAW_FIRM_NAME, US_CERTIFY_CHECK, VALID_BAR_ASSOCIATION, CITIZEN_SHIP, ALTERNAME_SET, FOREIGN_ENTITY_OWNER, GOVERNING_ENTITIES_DISPLAY_NAME, GOVERNING_ENTITIES_TYPE_OWNER, OWNER_ADDITIONAL_NAME, OWNER_DISPLAYNAME, OWNER_ENITY_TYPE, OWNER_NAME, OWNER_ORGANIZATION_STATE, OWNER_SOLP_FIRST_NAME, OWNER_SOLP_LAST_NAME, OWNER_SOLP_MIDDLE_NAME, OWNER_TYPE, OWNERSUB_TYPE, PERSON_TYPE_OWNER, WEB_SITEURL, CONTACT_TYPE, DISPLAY_NAME, OWNER_COUNTRY_OF_CITIZENSHIP, OWNER_ENTITY_NAME, OWNER_ENTITY_TYPE, OWNER_STATE_OF_FORMATION, CONTINUATIONURL, PROFILE_COMPLETE, TWO_FACTOR_AUTH_TYPE, USE_TWO_FACTOR_AUTHENTICATION, CLIENT_ID, POOL_MEMBER_ID, PRIMARY_CASE_ID, PRIMARY_APPLICATION_ID, TRADEMARK_APPLICATION_ID, CONTACT_OWNER_ID, USER_CREDENTIALS_USER_CREDENTIALS_ID) VALUES
('ManagedContact', 16, '600 Dulany Street', NULL, 'Alexandria', 'United States of America', 'matthew.kim1@uspto.gov', 'Matt', 'Kim', NULL, '555-555-5555', 'VA', NULL, NULL, '22222', NULL, NULL, NULL, NULL, NULL, NULL, NULL, NULL, NULL, NULL, NULL, NULL, NULL, NULL, NULL, NULL, NULL, NULL, NULL, NULL, NULL, NULL, NULL, NULL, NULL, NULL, NULL, NULL, NULL, NULL, NULL, NULL, NULL, NULL, NULL, NULL, NULL, NULL, NULL, NULL, NULL, NULL, NULL, 'owner', 'Matt Kim', NULL, NULL, NULL, NULL, NULL, NULL, NULL, NULL, NULL, NULL, NULL, NULL, NULL, NULL, NULL),
('PTOUser', 17, '600 Dulany Street', NULL, 'Alexandria', 'United States of America', 'kerrie.washington@uspto.gov', 'Kerrie', 'Washington', NULL, '555-555-5555', 'VA', NULL, NULL, '22222', NULL, NULL, NULL, NULL, NULL, NULL, NULL, NULL, NULL, NULL, NULL, NULL, NULL, NULL, NULL, NULL, NULL, NULL, NULL, NULL, NULL, NULL, NULL, NULL, NULL, NULL, NULL, NULL, NULL, NULL, NULL, NULL, NULL, NULL, NULL, NULL, NULL, NULL, NULL, NULL, NULL, NULL, NULL, NULL, NULL, NULL, NULL, NULL, NULL, NULL, TRUE, 'email', FALSE, NULL, NULL, NULL, NULL, NULL, NULL, 15),
('ManagedContact', 18, '600 Dulany Street', NULL, 'Alexandria', 'United States of America', 'kerrie.washington@uspto.gov', 'Kerrie', 'Washington', NULL, '555-555-5555', 'VA', NULL, NULL, '22222', NULL, NULL, NULL, NULL, NULL, NULL, NULL, NULL, NULL, NULL, NULL, NULL, NULL, NULL, NULL, NULL, NULL, NULL, NULL, NULL, NULL, NULL, NULL, NULL, NULL, NULL, NULL, NULL, NULL, NULL, NULL, NULL, NULL, NULL, NULL, NULL, NULL, NULL, NULL, NULL, NULL, NULL, NULL, 'owner', 'Kerrie Washington', NULL, NULL, NULL, NULL, NULL, NULL, NULL, NULL, NULL, NULL, NULL, NULL, NULL, NULL, NULL),
('PTOUser', 19, '600 Dulany Street', NULL, 'Alexandria', 'United States of America', 'cameron.carter1@uspto.gov', 'Cameron', 'Carter', NULL, '555-555-5555', 'VA', NULL, NULL, '22222', NULL, NULL, NULL, NULL, NULL, NULL, NULL, NULL, NULL, NULL, NULL, NULL, NULL, NULL, NULL, NULL, NULL, NULL, NULL, NULL, NULL, NULL, NULL, NULL, NULL, NULL, NULL, NULL, NULL, NULL, NULL, NULL, NULL, NULL, NULL, NULL, NULL, NULL, NULL, NULL, NULL, NULL, NULL, NULL, NULL, NULL, NULL, NULL, NULL, NULL, TRUE, 'email', FALSE, NULL, NULL, NULL, NULL, NULL, NULL, 17),
('ManagedContact', 20, '600 Dulany Street', NULL, 'Alexandria', 'United States of America', 'cameron.carter1@uspto.gov', 'Cameron', 'Carter', NULL, '555-555-5555', 'VA', NULL, NULL, '22222', NULL, NULL, NULL, NULL, NULL, NULL, NULL, NULL, NULL, NULL, NULL, NULL, NULL, NULL, NULL, NULL, NULL, NULL, NULL, NULL, NULL, NULL, NULL, NULL, NULL, NULL, NULL, NULL, NULL, NULL, NULL, NULL, NULL, NULL, NULL, NULL, NULL, NULL, NULL, NULL, NULL, NULL, NULL, 'owner', 'Cameron Carter', NULL, NULL, NULL, NULL, NULL, NULL, NULL, NULL, NULL, NULL, NULL, NULL, NULL, NULL, NULL);
INSERT INTO PUBLIC.USER_PERSONAL_DATA(DTYPE, ID, ADDRESS, ALTERNATE_EMAIL, CITY, COUNTRY, EMAIL, FIRST_NAME, LAST_NAME, MIDLLE_NAME, PRIMARY_PHONENUMBER, STATE, SUFFIX, TITLE, ZIPCODE, COMPANY_NAME, LAST_CONTACT_DATE, PREFERRED_CONTACT_METHOD, AFFILIATION_STATUS, AFFILIATION_STATUS_SET, BAR_ADMISSION_DATE, BAR_CERTIFICATE_IMAGE_FILE_NAME, BAR_CERTIFICATE_IMAGE_KEY, BAR_CERTIFICATE_IMAGE_UPLOADED, CANADIAN_AGENT_NAME, MEMBERSHIP_NUMBER, ADDRESS1, ADDRESS2, ADDRESS3, AFFLIATIONUS, BAR_CERTIFCATEPDF, BAR_JURISDICTION, BAR_LICENSE, COLLAPSEID, DOCKET_NUMBER, DOCKET_NUMBER_LIST, IS_APPLICANTCA, IS_PRIMARY, LAW_FIRM_NAME, US_CERTIFY_CHECK, VALID_BAR_ASSOCIATION, CITIZEN_SHIP, ALTERNAME_SET, FOREIGN_ENTITY_OWNER, GOVERNING_ENTITIES_DISPLAY_NAME, GOVERNING_ENTITIES_TYPE_OWNER, OWNER_ADDITIONAL_NAME, OWNER_DISPLAYNAME, OWNER_ENITY_TYPE, OWNER_NAME, OWNER_ORGANIZATION_STATE, OWNER_SOLP_FIRST_NAME, OWNER_SOLP_LAST_NAME, OWNER_SOLP_MIDDLE_NAME, OWNER_TYPE, OWNERSUB_TYPE, PERSON_TYPE_OWNER, WEB_SITEURL, CONTACT_TYPE, DISPLAY_NAME, OWNER_COUNTRY_OF_CITIZENSHIP, OWNER_ENTITY_NAME, OWNER_ENTITY_TYPE, OWNER_STATE_OF_FORMATION, CONTINUATIONURL, PROFILE_COMPLETE, TWO_FACTOR_AUTH_TYPE, USE_TWO_FACTOR_AUTHENTICATION, CLIENT_ID, POOL_MEMBER_ID, PRIMARY_CASE_ID, PRIMARY_APPLICATION_ID, TRADEMARK_APPLICATION_ID, CONTACT_OWNER_ID, USER_CREDENTIALS_USER_CREDENTIALS_ID) VALUES
('PTOUser', 21, '600 Dulany Street', NULL, 'Alexandria', 'United States of America', 'courtney.postell@uspto.gov', 'Courtney', 'Postell', NULL, '555-555-5555', 'VA', NULL, NULL, '22222', NULL, NULL, NULL, NULL, NULL, NULL, NULL, NULL, NULL, NULL, NULL, NULL, NULL, NULL, NULL, NULL, NULL, NULL, NULL, NULL, NULL, NULL, NULL, NULL, NULL, NULL, NULL, NULL, NULL, NULL, NULL, NULL, NULL, NULL, NULL, NULL, NULL, NULL, NULL, NULL, NULL, NULL, NULL, NULL, NULL, NULL, NULL, NULL, NULL, NULL, TRUE, 'email', FALSE, NULL, NULL, NULL, NULL, NULL, NULL, 19),
('ManagedContact', 22, '600 Dulany Street', NULL, 'Alexandria', 'United States of America', 'courtney.postell@uspto.gov', 'Courtney', 'Postell', NULL, '555-555-5555', 'VA', NULL, NULL, '22222', NULL, NULL, NULL, NULL, NULL, NULL, NULL, NULL, NULL, NULL, NULL, NULL, NULL, NULL, NULL, NULL, NULL, NULL, NULL, NULL, NULL, NULL, NULL, NULL, NULL, NULL, NULL, NULL, NULL, NULL, NULL, NULL, NULL, NULL, NULL, NULL, NULL, NULL, NULL, NULL, NULL, NULL, NULL, 'owner', 'Courtney Postell', NULL, NULL, NULL, NULL, NULL, NULL, NULL, NULL, NULL, NULL, NULL, NULL, NULL, NULL, NULL),
('PTOUser', 23, '600 Dulany Street', NULL, 'Alexandria', 'United States of America', 'crystal.hlywa@uspto.gov', 'Crystal', 'Hlywa', NULL, '555-555-5555', 'VA', NULL, NULL, '22222', NULL, NULL, NULL, NULL, NULL, NULL, NULL, NULL, NULL, NULL, NULL, NULL, NULL, NULL, NULL, NULL, NULL, NULL, NULL, NULL, NULL, NULL, NULL, NULL, NULL, NULL, NULL, NULL, NULL, NULL, NULL, NULL, NULL, NULL, NULL, NULL, NULL, NULL, NULL, NULL, NULL, NULL, NULL, NULL, NULL, NULL, NULL, NULL, NULL, NULL, TRUE, 'email', FALSE, NULL, NULL, NULL, NULL, NULL, NULL, 21),
('ManagedContact', 24, '600 Dulany Street', NULL, 'Alexandria', 'United States of America', 'crystal.hlywa@uspto.gov', 'Crystal', 'Hlywa', NULL, '555-555-5555', 'VA', NULL, NULL, '22222', NULL, NULL, NULL, NULL, NULL, NULL, NULL, NULL, NULL, NULL, NULL, NULL, NULL, NULL, NULL, NULL, NULL, NULL, NULL, NULL, NULL, NULL, NULL, NULL, NULL, NULL, NULL, NULL, NULL, NULL, NULL, NULL, NULL, NULL, NULL, NULL, NULL, NULL, NULL, NULL, NULL, NULL, NULL, 'owner', 'Crystal Hlywa', NULL, NULL, NULL, NULL, NULL, NULL, NULL, NULL, NULL, NULL, NULL, NULL, NULL, NULL, NULL),
('PTOUser', 25, '600 Dulany Street', NULL, 'Alexandria', 'United States of America', 'stacey.hatfield@uspto.gov', 'Stacy', 'Hatfield', NULL, '555-555-5555', 'VA', NULL, NULL, '22222', NULL, NULL, NULL, NULL, NULL, NULL, NULL, NULL, NULL, NULL, NULL, NULL, NULL, NULL, NULL, NULL, NULL, NULL, NULL, NULL, NULL, NULL, NULL, NULL, NULL, NULL, NULL, NULL, NULL, NULL, NULL, NULL, NULL, NULL, NULL, NULL, NULL, NULL, NULL, NULL, NULL, NULL, NULL, NULL, NULL, NULL, NULL, NULL, NULL, NULL, TRUE, 'email', FALSE, NULL, NULL, NULL, NULL, NULL, NULL, 23);
INSERT INTO PUBLIC.USER_PERSONAL_DATA(DTYPE, ID, ADDRESS, ALTERNATE_EMAIL, CITY, COUNTRY, EMAIL, FIRST_NAME, LAST_NAME, MIDLLE_NAME, PRIMARY_PHONENUMBER, STATE, SUFFIX, TITLE, ZIPCODE, COMPANY_NAME, LAST_CONTACT_DATE, PREFERRED_CONTACT_METHOD, AFFILIATION_STATUS, AFFILIATION_STATUS_SET, BAR_ADMISSION_DATE, BAR_CERTIFICATE_IMAGE_FILE_NAME, BAR_CERTIFICATE_IMAGE_KEY, BAR_CERTIFICATE_IMAGE_UPLOADED, CANADIAN_AGENT_NAME, MEMBERSHIP_NUMBER, ADDRESS1, ADDRESS2, ADDRESS3, AFFLIATIONUS, BAR_CERTIFCATEPDF, BAR_JURISDICTION, BAR_LICENSE, COLLAPSEID, DOCKET_NUMBER, DOCKET_NUMBER_LIST, IS_APPLICANTCA, IS_PRIMARY, LAW_FIRM_NAME, US_CERTIFY_CHECK, VALID_BAR_ASSOCIATION, CITIZEN_SHIP, ALTERNAME_SET, FOREIGN_ENTITY_OWNER, GOVERNING_ENTITIES_DISPLAY_NAME, GOVERNING_ENTITIES_TYPE_OWNER, OWNER_ADDITIONAL_NAME, OWNER_DISPLAYNAME, OWNER_ENITY_TYPE, OWNER_NAME, OWNER_ORGANIZATION_STATE, OWNER_SOLP_FIRST_NAME, OWNER_SOLP_LAST_NAME, OWNER_SOLP_MIDDLE_NAME, OWNER_TYPE, OWNERSUB_TYPE, PERSON_TYPE_OWNER, WEB_SITEURL, CONTACT_TYPE, DISPLAY_NAME, OWNER_COUNTRY_OF_CITIZENSHIP, OWNER_ENTITY_NAME, OWNER_ENTITY_TYPE, OWNER_STATE_OF_FORMATION, CONTINUATIONURL, PROFILE_COMPLETE, TWO_FACTOR_AUTH_TYPE, USE_TWO_FACTOR_AUTHENTICATION, CLIENT_ID, POOL_MEMBER_ID, PRIMARY_CASE_ID, PRIMARY_APPLICATION_ID, TRADEMARK_APPLICATION_ID, CONTACT_OWNER_ID, USER_CREDENTIALS_USER_CREDENTIALS_ID) VALUES
('ManagedContact', 26, '600 Dulany Street', NULL, 'Alexandria', 'United States of America', 'stacey.hatfield@uspto.gov', 'Stacy', 'Hatfield', NULL, '555-555-5555', 'VA', NULL, NULL, '22222', NULL, NULL, NULL, NULL, NULL, NULL, NULL, NULL, NULL, NULL, NULL, NULL, NULL, NULL, NULL, NULL, NULL, NULL, NULL, NULL, NULL, NULL, NULL, NULL, NULL, NULL, NULL, NULL, NULL, NULL, NULL, NULL, NULL, NULL, NULL, NULL, NULL, NULL, NULL, NULL, NULL, NULL, NULL, 'owner', 'Stacy Hatfield', NULL, NULL, NULL, NULL, NULL, NULL, NULL, NULL, NULL, NULL, NULL, NULL, NULL, NULL, NULL),
('PTOUser', 27, '600 Dulany Street', NULL, 'Alexandria', 'United States of America', 'nino.arvanitis@uspto.gov', 'Nino', 'Arvanitis', NULL, '555-555-5555', 'VA', NULL, NULL, '22222', NULL, NULL, NULL, NULL, NULL, NULL, NULL, NULL, NULL, NULL, NULL, NULL, NULL, NULL, NULL, NULL, NULL, NULL, NULL, NULL, NULL, NULL, NULL, NULL, NULL, NULL, NULL, NULL, NULL, NULL, NULL, NULL, NULL, NULL, NULL, NULL, NULL, NULL, NULL, NULL, NULL, NULL, NULL, NULL, NULL, NULL, NULL, NULL, NULL, NULL, TRUE, 'email', FALSE, NULL, NULL, NULL, NULL, NULL, NULL, 25),
('ManagedContact', 28, '600 Dulany Street', NULL, 'Alexandria', 'United States of America', 'nino.arvanitis@uspto.gov', 'Nino', 'Arvanitis', NULL, '555-555-5555', 'VA', NULL, NULL, '22222', NULL, NULL, NULL, NULL, NULL, NULL, NULL, NULL, NULL, NULL, NULL, NULL, NULL, NULL, NULL, NULL, NULL, NULL, NULL, NULL, NULL, NULL, NULL, NULL, NULL, NULL, NULL, NULL, NULL, NULL, NULL, NULL, NULL, NULL, NULL, NULL, NULL, NULL, NULL, NULL, NULL, NULL, NULL, 'owner', 'Nino Arvanitis', NULL, NULL, NULL, NULL, NULL, NULL, NULL, NULL, NULL, NULL, NULL, NULL, NULL, NULL, NULL),
('PTOUser', 29, '600 Dulany Street', NULL, 'Alexandria', 'United States of America', 'tammie.diggs@uspto.gov', 'Tammie', 'Diggs', NULL, '555-555-5555', 'VA', NULL, NULL, '22222', NULL, NULL, NULL, NULL, NULL, NULL, NULL, NULL, NULL, NULL, NULL, NULL, NULL, NULL, NULL, NULL, NULL, NULL, NULL, NULL, NULL, NULL, NULL, NULL, NULL, NULL, NULL, NULL, NULL, NULL, NULL, NULL, NULL, NULL, NULL, NULL, NULL, NULL, NULL, NULL, NULL, NULL, NULL, NULL, NULL, NULL, NULL, NULL, NULL, NULL, TRUE, 'email', FALSE, NULL, NULL, NULL, NULL, NULL, NULL, 27),
('ManagedContact', 30, '600 Dulany Street', NULL, 'Alexandria', 'United States of America', 'tammie.diggs@uspto.gov', 'Tammie', 'Diggs', NULL, '555-555-5555', 'VA', NULL, NULL, '22222', NULL, NULL, NULL, NULL, NULL, NULL, NULL, NULL, NULL, NULL, NULL, NULL, NULL, NULL, NULL, NULL, NULL, NULL, NULL, NULL, NULL, NULL, NULL, NULL, NULL, NULL, NULL, NULL, NULL, NULL, NULL, NULL, NULL, NULL, NULL, NULL, NULL, NULL, NULL, NULL, NULL, NULL, NULL, 'owner', 'Tammie Diggs', NULL, NULL, NULL, NULL, NULL, NULL, NULL, NULL, NULL, NULL, NULL, NULL, NULL, NULL, NULL);
INSERT INTO PUBLIC.USER_PERSONAL_DATA(DTYPE, ID, ADDRESS, ALTERNATE_EMAIL, CITY, COUNTRY, EMAIL, FIRST_NAME, LAST_NAME, MIDLLE_NAME, PRIMARY_PHONENUMBER, STATE, SUFFIX, TITLE, ZIPCODE, COMPANY_NAME, LAST_CONTACT_DATE, PREFERRED_CONTACT_METHOD, AFFILIATION_STATUS, AFFILIATION_STATUS_SET, BAR_ADMISSION_DATE, BAR_CERTIFICATE_IMAGE_FILE_NAME, BAR_CERTIFICATE_IMAGE_KEY, BAR_CERTIFICATE_IMAGE_UPLOADED, CANADIAN_AGENT_NAME, MEMBERSHIP_NUMBER, ADDRESS1, ADDRESS2, ADDRESS3, AFFLIATIONUS, BAR_CERTIFCATEPDF, BAR_JURISDICTION, BAR_LICENSE, COLLAPSEID, DOCKET_NUMBER, DOCKET_NUMBER_LIST, IS_APPLICANTCA, IS_PRIMARY, LAW_FIRM_NAME, US_CERTIFY_CHECK, VALID_BAR_ASSOCIATION, CITIZEN_SHIP, ALTERNAME_SET, FOREIGN_ENTITY_OWNER, GOVERNING_ENTITIES_DISPLAY_NAME, GOVERNING_ENTITIES_TYPE_OWNER, OWNER_ADDITIONAL_NAME, OWNER_DISPLAYNAME, OWNER_ENITY_TYPE, OWNER_NAME, OWNER_ORGANIZATION_STATE, OWNER_SOLP_FIRST_NAME, OWNER_SOLP_LAST_NAME, OWNER_SOLP_MIDDLE_NAME, OWNER_TYPE, OWNERSUB_TYPE, PERSON_TYPE_OWNER, WEB_SITEURL, CONTACT_TYPE, DISPLAY_NAME, OWNER_COUNTRY_OF_CITIZENSHIP, OWNER_ENTITY_NAME, OWNER_ENTITY_TYPE, OWNER_STATE_OF_FORMATION, CONTINUATIONURL, PROFILE_COMPLETE, TWO_FACTOR_AUTH_TYPE, USE_TWO_FACTOR_AUTHENTICATION, CLIENT_ID, POOL_MEMBER_ID, PRIMARY_CASE_ID, PRIMARY_APPLICATION_ID, TRADEMARK_APPLICATION_ID, CONTACT_OWNER_ID, USER_CREDENTIALS_USER_CREDENTIALS_ID) VALUES
('PTOUser', 31, '600 Dulany Street', NULL, 'Alexandria', 'United States of America', 'stephen.aquila@uspto.gov', 'Stephen', 'Aquila', NULL, '555-555-5555', 'VA', NULL, NULL, '22222', NULL, NULL, NULL, NULL, NULL, NULL, NULL, NULL, NULL, NULL, NULL, NULL, NULL, NULL, NULL, NULL, NULL, NULL, NULL, NULL, NULL, NULL, NULL, NULL, NULL, NULL, NULL, NULL, NULL, NULL, NULL, NULL, NULL, NULL, NULL, NULL, NULL, NULL, NULL, NULL, NULL, NULL, NULL, NULL, NULL, NULL, NULL, NULL, NULL, NULL, TRUE, 'email', FALSE, NULL, NULL, NULL, NULL, NULL, NULL, 29),
('ManagedContact', 32, '600 Dulany Street', NULL, 'Alexandria', 'United States of America', 'stephen.aquila@uspto.gov', 'Stephen', 'Aquila', NULL, '555-555-5555', 'VA', NULL, NULL, '22222', NULL, NULL, NULL, NULL, NULL, NULL, NULL, NULL, NULL, NULL, NULL, NULL, NULL, NULL, NULL, NULL, NULL, NULL, NULL, NULL, NULL, NULL, NULL, NULL, NULL, NULL, NULL, NULL, NULL, NULL, NULL, NULL, NULL, NULL, NULL, NULL, NULL, NULL, NULL, NULL, NULL, NULL, NULL, 'owner', 'Stephen Aquila', NULL, NULL, NULL, NULL, NULL, NULL, NULL, NULL, NULL, NULL, NULL, NULL, NULL, NULL, NULL),
('PTOUser', 33, '600 Dulany Street', NULL, 'Alexandria', 'United States of America', 'nelson.betancourt@uspto.gov', 'Nelson', 'Betancourt', NULL, '555-555-5555', 'VA', NULL, NULL, '22222', NULL, NULL, NULL, NULL, NULL, NULL, NULL, NULL, NULL, NULL, NULL, NULL, NULL, NULL, NULL, NULL, NULL, NULL, NULL, NULL, NULL, NULL, NULL, NULL, NULL, NULL, NULL, NULL, NULL, NULL, NULL, NULL, NULL, NULL, NULL, NULL, NULL, NULL, NULL, NULL, NULL, NULL, NULL, NULL, NULL, NULL, NULL, NULL, NULL, NULL, TRUE, 'email', FALSE, NULL, NULL, NULL, NULL, NULL, NULL, 31),
('ManagedContact', 34, '600 Dulany Street', NULL, 'Alexandria', 'United States of America', 'nelson.betancourt@uspto.gov', 'Nelson', 'Betancourt', NULL, '555-555-5555', 'VA', NULL, NULL, '22222', NULL, NULL, NULL, NULL, NULL, NULL, NULL, NULL, NULL, NULL, NULL, NULL, NULL, NULL, NULL, NULL, NULL, NULL, NULL, NULL, NULL, NULL, NULL, NULL, NULL, NULL, NULL, NULL, NULL, NULL, NULL, NULL, NULL, NULL, NULL, NULL, NULL, NULL, NULL, NULL, NULL, NULL, NULL, 'owner', 'Nelson Betancourt', NULL, NULL, NULL, NULL, NULL, NULL, NULL, NULL, NULL, NULL, NULL, NULL, NULL, NULL, NULL),
('PTOUser', 35, '600 Dulany Street', NULL, 'Alexandria', 'United States of America', 'tyle.auduong@uspto.gov', 'Tyle', 'Auduong', NULL, '555-555-5555', 'VA', NULL, NULL, '22222', NULL, NULL, NULL, NULL, NULL, NULL, NULL, NULL, NULL, NULL, NULL, NULL, NULL, NULL, NULL, NULL, NULL, NULL, NULL, NULL, NULL, NULL, NULL, NULL, NULL, NULL, NULL, NULL, NULL, NULL, NULL, NULL, NULL, NULL, NULL, NULL, NULL, NULL, NULL, NULL, NULL, NULL, NULL, NULL, NULL, NULL, NULL, NULL, NULL, NULL, TRUE, 'email', FALSE, NULL, NULL, NULL, NULL, NULL, NULL, 33);
INSERT INTO PUBLIC.USER_PERSONAL_DATA(DTYPE, ID, ADDRESS, ALTERNATE_EMAIL, CITY, COUNTRY, EMAIL, FIRST_NAME, LAST_NAME, MIDLLE_NAME, PRIMARY_PHONENUMBER, STATE, SUFFIX, TITLE, ZIPCODE, COMPANY_NAME, LAST_CONTACT_DATE, PREFERRED_CONTACT_METHOD, AFFILIATION_STATUS, AFFILIATION_STATUS_SET, BAR_ADMISSION_DATE, BAR_CERTIFICATE_IMAGE_FILE_NAME, BAR_CERTIFICATE_IMAGE_KEY, BAR_CERTIFICATE_IMAGE_UPLOADED, CANADIAN_AGENT_NAME, MEMBERSHIP_NUMBER, ADDRESS1, ADDRESS2, ADDRESS3, AFFLIATIONUS, BAR_CERTIFCATEPDF, BAR_JURISDICTION, BAR_LICENSE, COLLAPSEID, DOCKET_NUMBER, DOCKET_NUMBER_LIST, IS_APPLICANTCA, IS_PRIMARY, LAW_FIRM_NAME, US_CERTIFY_CHECK, VALID_BAR_ASSOCIATION, CITIZEN_SHIP, ALTERNAME_SET, FOREIGN_ENTITY_OWNER, GOVERNING_ENTITIES_DISPLAY_NAME, GOVERNING_ENTITIES_TYPE_OWNER, OWNER_ADDITIONAL_NAME, OWNER_DISPLAYNAME, OWNER_ENITY_TYPE, OWNER_NAME, OWNER_ORGANIZATION_STATE, OWNER_SOLP_FIRST_NAME, OWNER_SOLP_LAST_NAME, OWNER_SOLP_MIDDLE_NAME, OWNER_TYPE, OWNERSUB_TYPE, PERSON_TYPE_OWNER, WEB_SITEURL, CONTACT_TYPE, DISPLAY_NAME, OWNER_COUNTRY_OF_CITIZENSHIP, OWNER_ENTITY_NAME, OWNER_ENTITY_TYPE, OWNER_STATE_OF_FORMATION, CONTINUATIONURL, PROFILE_COMPLETE, TWO_FACTOR_AUTH_TYPE, USE_TWO_FACTOR_AUTHENTICATION, CLIENT_ID, POOL_MEMBER_ID, PRIMARY_CASE_ID, PRIMARY_APPLICATION_ID, TRADEMARK_APPLICATION_ID, CONTACT_OWNER_ID, USER_CREDENTIALS_USER_CREDENTIALS_ID) VALUES
('ManagedContact', 36, '600 Dulany Street', NULL, 'Alexandria', 'United States of America', 'tyle.auduong@uspto.gov', 'Tyle', 'Auduong', NULL, '555-555-5555', 'VA', NULL, NULL, '22222', NULL, NULL, NULL, NULL, NULL, NULL, NULL, NULL, NULL, NULL, NULL, NULL, NULL, NULL, NULL, NULL, NULL, NULL, NULL, NULL, NULL, NULL, NULL, NULL, NULL, NULL, NULL, NULL, NULL, NULL, NULL, NULL, NULL, NULL, NULL, NULL, NULL, NULL, NULL, NULL, NULL, NULL, NULL, 'owner', 'Tyle Auduong', NULL, NULL, NULL, NULL, NULL, NULL, NULL, NULL, NULL, NULL, NULL, NULL, NULL, NULL, NULL),
('PTOUser', 37, '600 Dulany Street', NULL, 'Alexandria', 'United States of America', 'glen.brown@uspto.gov', 'Glen', 'Brown', NULL, '555-555-5555', 'VA', NULL, NULL, '22222', NULL, NULL, NULL, NULL, NULL, NULL, NULL, NULL, NULL, NULL, NULL, NULL, NULL, NULL, NULL, NULL, NULL, NULL, NULL, NULL, NULL, NULL, NULL, NULL, NULL, NULL, NULL, NULL, NULL, NULL, NULL, NULL, NULL, NULL, NULL, NULL, NULL, NULL, NULL, NULL, NULL, NULL, NULL, NULL, NULL, NULL, NULL, NULL, NULL, NULL, TRUE, 'email', FALSE, NULL, NULL, NULL, NULL, NULL, NULL, 35),
('ManagedContact', 38, '600 Dulany Street', NULL, 'Alexandria', 'United States of America', 'glen.brown@uspto.gov', 'Glen', 'Brown', NULL, '555-555-5555', 'VA', NULL, NULL, '22222', NULL, NULL, NULL, NULL, NULL, NULL, NULL, NULL, NULL, NULL, NULL, NULL, NULL, NULL, NULL, NULL, NULL, NULL, NULL, NULL, NULL, NULL, NULL, NULL, NULL, NULL, NULL, NULL, NULL, NULL, NULL, NULL, NULL, NULL, NULL, NULL, NULL, NULL, NULL, NULL, NULL, NULL, NULL, 'owner', 'Glen Brown', NULL, NULL, NULL, NULL, NULL, NULL, NULL, NULL, NULL, NULL, NULL, NULL, NULL, NULL, NULL),
('PTOUser', 39, '600 Dulany Street', NULL, 'Alexandria', 'United States of America', 'hang.tran@uspto.gov', 'Hang', 'Tran', NULL, '555-555-5555', 'VA', NULL, NULL, '22222', NULL, NULL, NULL, NULL, NULL, NULL, NULL, NULL, NULL, NULL, NULL, NULL, NULL, NULL, NULL, NULL, NULL, NULL, NULL, NULL, NULL, NULL, NULL, NULL, NULL, NULL, NULL, NULL, NULL, NULL, NULL, NULL, NULL, NULL, NULL, NULL, NULL, NULL, NULL, NULL, NULL, NULL, NULL, NULL, NULL, NULL, NULL, NULL, NULL, NULL, TRUE, 'email', FALSE, NULL, NULL, NULL, NULL, NULL, NULL, 37),
('ManagedContact', 40, '600 Dulany Street', NULL, 'Alexandria', 'United States of America', 'hang.tran@uspto.gov', 'Hang', 'Tran', NULL, '555-555-5555', 'VA', NULL, NULL, '22222', NULL, NULL, NULL, NULL, NULL, NULL, NULL, NULL, NULL, NULL, NULL, NULL, NULL, NULL, NULL, NULL, NULL, NULL, NULL, NULL, NULL, NULL, NULL, NULL, NULL, NULL, NULL, NULL, NULL, NULL, NULL, NULL, NULL, NULL, NULL, NULL, NULL, NULL, NULL, NULL, NULL, NULL, NULL, 'owner', 'Hang Tran', NULL, NULL, NULL, NULL, NULL, NULL, NULL, NULL, NULL, NULL, NULL, NULL, NULL, NULL, NULL);
INSERT INTO PUBLIC.USER_PERSONAL_DATA(DTYPE, ID, ADDRESS, ALTERNATE_EMAIL, CITY, COUNTRY, EMAIL, FIRST_NAME, LAST_NAME, MIDLLE_NAME, PRIMARY_PHONENUMBER, STATE, SUFFIX, TITLE, ZIPCODE, COMPANY_NAME, LAST_CONTACT_DATE, PREFERRED_CONTACT_METHOD, AFFILIATION_STATUS, AFFILIATION_STATUS_SET, BAR_ADMISSION_DATE, BAR_CERTIFICATE_IMAGE_FILE_NAME, BAR_CERTIFICATE_IMAGE_KEY, BAR_CERTIFICATE_IMAGE_UPLOADED, CANADIAN_AGENT_NAME, MEMBERSHIP_NUMBER, ADDRESS1, ADDRESS2, ADDRESS3, AFFLIATIONUS, BAR_CERTIFCATEPDF, BAR_JURISDICTION, BAR_LICENSE, COLLAPSEID, DOCKET_NUMBER, DOCKET_NUMBER_LIST, IS_APPLICANTCA, IS_PRIMARY, LAW_FIRM_NAME, US_CERTIFY_CHECK, VALID_BAR_ASSOCIATION, CITIZEN_SHIP, ALTERNAME_SET, FOREIGN_ENTITY_OWNER, GOVERNING_ENTITIES_DISPLAY_NAME, GOVERNING_ENTITIES_TYPE_OWNER, OWNER_ADDITIONAL_NAME, OWNER_DISPLAYNAME, OWNER_ENITY_TYPE, OWNER_NAME, OWNER_ORGANIZATION_STATE, OWNER_SOLP_FIRST_NAME, OWNER_SOLP_LAST_NAME, OWNER_SOLP_MIDDLE_NAME, OWNER_TYPE, OWNERSUB_TYPE, PERSON_TYPE_OWNER, WEB_SITEURL, CONTACT_TYPE, DISPLAY_NAME, OWNER_COUNTRY_OF_CITIZENSHIP, OWNER_ENTITY_NAME, OWNER_ENTITY_TYPE, OWNER_STATE_OF_FORMATION, CONTINUATIONURL, PROFILE_COMPLETE, TWO_FACTOR_AUTH_TYPE, USE_TWO_FACTOR_AUTHENTICATION, CLIENT_ID, POOL_MEMBER_ID, PRIMARY_CASE_ID, PRIMARY_APPLICATION_ID, TRADEMARK_APPLICATION_ID, CONTACT_OWNER_ID, USER_CREDENTIALS_USER_CREDENTIALS_ID) VALUES
('PTOUser', 41, '600 Veal Street', NULL, 'Aspen', 'United States of America', 'alex.blair@test.com', 'Alex', 'Blair', NULL, '555-555-5555', 'CO', NULL, NULL, '81611', NULL, NULL, NULL, NULL, NULL, NULL, NULL, NULL, NULL, NULL, NULL, NULL, NULL, NULL, NULL, NULL, NULL, NULL, NULL, NULL, NULL, NULL, NULL, NULL, NULL, NULL, NULL, NULL, NULL, NULL, NULL, NULL, NULL, NULL, NULL, NULL, NULL, NULL, NULL, NULL, NULL, NULL, NULL, NULL, NULL, NULL, NULL, NULL, NULL, NULL, TRUE, 'email', FALSE, NULL, NULL, NULL, NULL, NULL, NULL, 39),
('ManagedContact', 42, '600 Veal Street', NULL, 'Aspen', 'United States of America', 'alex.blair@test.com', 'Alex', 'Blair', NULL, '555-555-5555', 'CO', NULL, NULL, '81611', NULL, NULL, NULL, NULL, NULL, NULL, NULL, NULL, NULL, NULL, NULL, NULL, NULL, NULL, NULL, NULL, NULL, NULL, NULL, NULL, NULL, NULL, NULL, NULL, NULL, NULL, NULL, NULL, NULL, NULL, NULL, NULL, NULL, NULL, NULL, NULL, NULL, NULL, NULL, NULL, NULL, NULL, NULL, 'owner', 'Alex Blair', NULL, NULL, NULL, NULL, NULL, NULL, NULL, NULL, NULL, NULL, NULL, NULL, NULL, NULL, NULL),
('PTOUser', 43, '600 S kingston, st', NULL, 'Nassau', 'Bahamas', 'bahama.mamas@gmail.com', 'Bahama Mama''s', 'Treats and Sweets', NULL, '555-555-5555', '', NULL, NULL, '00000', NULL, NULL, NULL, NULL, NULL, NULL, NULL, NULL, NULL, NULL, NULL, NULL, NULL, NULL, NULL, NULL, NULL, NULL, NULL, NULL, NULL, NULL, NULL, NULL, NULL, NULL, NULL, NULL, NULL, NULL, NULL, NULL, NULL, NULL, NULL, NULL, NULL, NULL, NULL, NULL, NULL, NULL, NULL, NULL, NULL, NULL, NULL, NULL, NULL, NULL, TRUE, 'email', FALSE, NULL, NULL, NULL, NULL, NULL, NULL, 41),
('ManagedContact', 44, '600 S kingston, st', NULL, 'Nassau', 'Bahamas', 'bahama.mamas@gmail.com', 'Bahama Mama''s', 'Treats and Sweets', NULL, '555-555-5555', '', NULL, NULL, '00000', NULL, NULL, NULL, NULL, NULL, NULL, NULL, NULL, NULL, NULL, NULL, NULL, NULL, NULL, NULL, NULL, NULL, NULL, NULL, NULL, NULL, NULL, NULL, NULL, NULL, NULL, NULL, NULL, NULL, NULL, NULL, NULL, NULL, NULL, NULL, NULL, NULL, NULL, NULL, NULL, NULL, NULL, NULL, 'owner', 'Bahama Mama''s Treats and Sweets', NULL, NULL, NULL, NULL, NULL, NULL, NULL, NULL, NULL, NULL, NULL, NULL, NULL, NULL, NULL),
('PTOUser', 45, '600 Dulany Street', NULL, 'Alexandria', 'United States of America', 'richhans@abc.com', 'Hans', 'Richardson', NULL, '555-555-5555', 'VA', NULL, NULL, '22222', NULL, NULL, NULL, NULL, NULL, NULL, NULL, NULL, NULL, NULL, NULL, NULL, NULL, NULL, NULL, NULL, NULL, NULL, NULL, NULL, NULL, NULL, NULL, NULL, NULL, NULL, NULL, NULL, NULL, NULL, NULL, NULL, NULL, NULL, NULL, NULL, NULL, NULL, NULL, NULL, NULL, NULL, NULL, NULL, NULL, NULL, NULL, NULL, NULL, NULL, TRUE, 'email', FALSE, NULL, NULL, NULL, NULL, NULL, NULL, 43);
INSERT INTO PUBLIC.USER_PERSONAL_DATA(DTYPE, ID, ADDRESS, ALTERNATE_EMAIL, CITY, COUNTRY, EMAIL, FIRST_NAME, LAST_NAME, MIDLLE_NAME, PRIMARY_PHONENUMBER, STATE, SUFFIX, TITLE, ZIPCODE, COMPANY_NAME, LAST_CONTACT_DATE, PREFERRED_CONTACT_METHOD, AFFILIATION_STATUS, AFFILIATION_STATUS_SET, BAR_ADMISSION_DATE, BAR_CERTIFICATE_IMAGE_FILE_NAME, BAR_CERTIFICATE_IMAGE_KEY, BAR_CERTIFICATE_IMAGE_UPLOADED, CANADIAN_AGENT_NAME, MEMBERSHIP_NUMBER, ADDRESS1, ADDRESS2, ADDRESS3, AFFLIATIONUS, BAR_CERTIFCATEPDF, BAR_JURISDICTION, BAR_LICENSE, COLLAPSEID, DOCKET_NUMBER, DOCKET_NUMBER_LIST, IS_APPLICANTCA, IS_PRIMARY, LAW_FIRM_NAME, US_CERTIFY_CHECK, VALID_BAR_ASSOCIATION, CITIZEN_SHIP, ALTERNAME_SET, FOREIGN_ENTITY_OWNER, GOVERNING_ENTITIES_DISPLAY_NAME, GOVERNING_ENTITIES_TYPE_OWNER, OWNER_ADDITIONAL_NAME, OWNER_DISPLAYNAME, OWNER_ENITY_TYPE, OWNER_NAME, OWNER_ORGANIZATION_STATE, OWNER_SOLP_FIRST_NAME, OWNER_SOLP_LAST_NAME, OWNER_SOLP_MIDDLE_NAME, OWNER_TYPE, OWNERSUB_TYPE, PERSON_TYPE_OWNER, WEB_SITEURL, CONTACT_TYPE, DISPLAY_NAME, OWNER_COUNTRY_OF_CITIZENSHIP, OWNER_ENTITY_NAME, OWNER_ENTITY_TYPE, OWNER_STATE_OF_FORMATION, CONTINUATIONURL, PROFILE_COMPLETE, TWO_FACTOR_AUTH_TYPE, USE_TWO_FACTOR_AUTHENTICATION, CLIENT_ID, POOL_MEMBER_ID, PRIMARY_CASE_ID, PRIMARY_APPLICATION_ID, TRADEMARK_APPLICATION_ID, CONTACT_OWNER_ID, USER_CREDENTIALS_USER_CREDENTIALS_ID) VALUES
('ManagedContact', 46, '600 Dulany Street', NULL, 'Alexandria', 'United States of America', 'richhans@abc.com', 'Hans', 'Richardson', NULL, '555-555-5555', 'VA', NULL, NULL, '22222', NULL, NULL, NULL, NULL, NULL, NULL, NULL, NULL, NULL, NULL, NULL, NULL, NULL, NULL, NULL, NULL, NULL, NULL, NULL, NULL, NULL, NULL, NULL, NULL, NULL, NULL, NULL, NULL, NULL, NULL, NULL, NULL, NULL, NULL, NULL, NULL, NULL, NULL, NULL, NULL, NULL, NULL, NULL, 'owner', 'Hans Richardson', NULL, NULL, NULL, NULL, NULL, NULL, NULL, NULL, NULL, NULL, NULL, NULL, NULL, NULL, NULL),
('ManagedContact', 47, '600 S kingston, st', NULL, 'Nassau', 'Bahamas', 'bahama.mamas@gmail.com', 'Bahama Mama''s', 'Treats and Sweets', NULL, '555-555-5555', '', NULL, NULL, '00000', NULL, NULL, NULL, NULL, NULL, NULL, NULL, NULL, NULL, NULL, NULL, NULL, NULL, NULL, NULL, NULL, NULL, NULL, NULL, NULL, NULL, NULL, NULL, NULL, NULL, NULL, NULL, NULL, NULL, NULL, NULL, NULL, NULL, NULL, NULL, NULL, NULL, NULL, NULL, NULL, NULL, NULL, NULL, 'owner', 'Bahama Mama''s Treats and Sweets', NULL, NULL, NULL, NULL, NULL, NULL, NULL, NULL, NULL, NULL, NULL, NULL, NULL, NULL, NULL),
('PTOUser', 48, '600 Dulany Street', NULL, 'Alexandria', 'United States of America', 'lstanikmas@gmail.com', 'Lynn', 'Istanikmas', NULL, '333-333-3333', 'VA', NULL, NULL, '22222', NULL, NULL, NULL, NULL, NULL, NULL, NULL, NULL, NULL, NULL, NULL, NULL, NULL, NULL, NULL, NULL, NULL, NULL, NULL, NULL, NULL, NULL, NULL, NULL, NULL, NULL, NULL, NULL, NULL, NULL, NULL, NULL, NULL, NULL, NULL, NULL, NULL, NULL, NULL, NULL, NULL, NULL, NULL, NULL, NULL, NULL, NULL, NULL, NULL, NULL, TRUE, 'email', FALSE, NULL, NULL, NULL, NULL, NULL, NULL, 45),
('ManagedContact', 49, '333 Carlyle ave', NULL, 'Alexandria', 'United States of America', 'avo.reid@us.gt.com', 'Avo', 'Reed', NULL, '222-22-2222', 'VA', NULL, NULL, '22222', NULL, NULL, NULL, NULL, NULL, NULL, NULL, NULL, NULL, NULL, NULL, NULL, NULL, NULL, NULL, NULL, NULL, NULL, NULL, NULL, NULL, NULL, NULL, NULL, NULL, NULL, NULL, NULL, NULL, NULL, NULL, NULL, NULL, NULL, NULL, NULL, NULL, NULL, NULL, NULL, NULL, NULL, NULL, 'attorney', 'Avo Reed', NULL, NULL, NULL, NULL, NULL, NULL, NULL, NULL, NULL, NULL, NULL, NULL, NULL, NULL, NULL),
('ManagedContact', 50, '333 Carlyle ave', NULL, 'Alexandria', 'United States of America', 'lynn.stanikmas@us.gt.com', 'Lynn', 'Istanikmas', NULL, '555-555-5555', 'VA', NULL, NULL, '22222', NULL, NULL, NULL, NULL, NULL, NULL, NULL, NULL, NULL, NULL, NULL, NULL, NULL, NULL, NULL, NULL, NULL, NULL, NULL, NULL, NULL, NULL, NULL, NULL, NULL, NULL, NULL, NULL, NULL, NULL, NULL, NULL, NULL, NULL, NULL, NULL, NULL, NULL, NULL, NULL, NULL, NULL, NULL, 'owner', 'Lynn Istanikmas', NULL, NULL, NULL, NULL, NULL, NULL, NULL, NULL, NULL, NULL, NULL, NULL, NULL, NULL, NULL);
INSERT INTO PUBLIC.USER_PERSONAL_DATA(DTYPE, ID, ADDRESS, ALTERNATE_EMAIL, CITY, COUNTRY, EMAIL, FIRST_NAME, LAST_NAME, MIDLLE_NAME, PRIMARY_PHONENUMBER, STATE, SUFFIX, TITLE, ZIPCODE, COMPANY_NAME, LAST_CONTACT_DATE, PREFERRED_CONTACT_METHOD, AFFILIATION_STATUS, AFFILIATION_STATUS_SET, BAR_ADMISSION_DATE, BAR_CERTIFICATE_IMAGE_FILE_NAME, BAR_CERTIFICATE_IMAGE_KEY, BAR_CERTIFICATE_IMAGE_UPLOADED, CANADIAN_AGENT_NAME, MEMBERSHIP_NUMBER, ADDRESS1, ADDRESS2, ADDRESS3, AFFLIATIONUS, BAR_CERTIFCATEPDF, BAR_JURISDICTION, BAR_LICENSE, COLLAPSEID, DOCKET_NUMBER, DOCKET_NUMBER_LIST, IS_APPLICANTCA, IS_PRIMARY, LAW_FIRM_NAME, US_CERTIFY_CHECK, VALID_BAR_ASSOCIATION, CITIZEN_SHIP, ALTERNAME_SET, FOREIGN_ENTITY_OWNER, GOVERNING_ENTITIES_DISPLAY_NAME, GOVERNING_ENTITIES_TYPE_OWNER, OWNER_ADDITIONAL_NAME, OWNER_DISPLAYNAME, OWNER_ENITY_TYPE, OWNER_NAME, OWNER_ORGANIZATION_STATE, OWNER_SOLP_FIRST_NAME, OWNER_SOLP_LAST_NAME, OWNER_SOLP_MIDDLE_NAME, OWNER_TYPE, OWNERSUB_TYPE, PERSON_TYPE_OWNER, WEB_SITEURL, CONTACT_TYPE, DISPLAY_NAME, OWNER_COUNTRY_OF_CITIZENSHIP, OWNER_ENTITY_NAME, OWNER_ENTITY_TYPE, OWNER_STATE_OF_FORMATION, CONTINUATIONURL, PROFILE_COMPLETE, TWO_FACTOR_AUTH_TYPE, USE_TWO_FACTOR_AUTHENTICATION, CLIENT_ID, POOL_MEMBER_ID, PRIMARY_CASE_ID, PRIMARY_APPLICATION_ID, TRADEMARK_APPLICATION_ID, CONTACT_OWNER_ID, USER_CREDENTIALS_USER_CREDENTIALS_ID) VALUES
('ManagedContact', 51, '333 Carlyle ave', NULL, 'Alexandria', 'United States of America', 'li.zhang@us.gt.com', 'Li', 'Zhang', NULL, '555-555-5555', 'VA', NULL, NULL, '22222', NULL, NULL, NULL, NULL, NULL, NULL, NULL, NULL, NULL, NULL, NULL, NULL, NULL, NULL, NULL, NULL, NULL, NULL, NULL, NULL, NULL, NULL, NULL, NULL, NULL, NULL, NULL, NULL, NULL, NULL, NULL, NULL, NULL, NULL, NULL, NULL, NULL, NULL, NULL, NULL, NULL, NULL, NULL, 'owner', 'Li Zhang', NULL, NULL, NULL, NULL, NULL, NULL, NULL, NULL, NULL, NULL, NULL, NULL, NULL, NULL, NULL),
('ManagedContact', 52, '333 Carlyle ave', NULL, 'Alexandria', 'United States of America', 'jackie.babos@us.gt.com', 'Jackie', 'Babos', NULL, '333-333-3333', 'VA', NULL, NULL, '22222', NULL, NULL, NULL, NULL, NULL, NULL, NULL, NULL, NULL, NULL, NULL, NULL, NULL, NULL, NULL, NULL, NULL, NULL, NULL, NULL, NULL, NULL, NULL, NULL, NULL, NULL, NULL, NULL, NULL, NULL, NULL, NULL, NULL, NULL, NULL, NULL, NULL, NULL, NULL, NULL, NULL, NULL, NULL, 'attorney', 'Jackie Babos', NULL, NULL, NULL, NULL, NULL, NULL, NULL, NULL, NULL, NULL, NULL, NULL, NULL, NULL, NULL),
('ManagedContact', 53, '600 Dulany Street', NULL, 'Alexandria', 'United States of America', 'lstanikmas@gmail.com', 'Lynn', 'Istanikmas', NULL, '333-333-3333', 'VA', NULL, NULL, '22222', NULL, NULL, NULL, NULL, NULL, NULL, NULL, NULL, NULL, NULL, NULL, NULL, NULL, NULL, NULL, NULL, NULL, NULL, NULL, NULL, NULL, NULL, NULL, NULL, NULL, NULL, NULL, NULL, NULL, NULL, NULL, NULL, NULL, NULL, NULL, NULL, NULL, NULL, NULL, NULL, NULL, NULL, NULL, 'owner', 'Lynn Istanikmas', NULL, NULL, NULL, NULL, NULL, NULL, NULL, NULL, NULL, NULL, NULL, NULL, NULL, NULL, NULL),
('ManagedContact', 54, '333 Carlyle ave', NULL, 'Alexandria', 'United States of America', 'jacob.goldstein@us.gt.com', 'Jacob', 'Goldstein', NULL, '444-444-444', 'VA', NULL, NULL, '22222', NULL, NULL, NULL, NULL, NULL, NULL, NULL, NULL, NULL, NULL, NULL, NULL, NULL, NULL, NULL, NULL, NULL, NULL, NULL, NULL, NULL, NULL, NULL, NULL, NULL, NULL, NULL, NULL, NULL, NULL, NULL, NULL, NULL, NULL, NULL, NULL, NULL, NULL, NULL, NULL, NULL, NULL, NULL, 'attorney', 'Jacob Goldstein', NULL, NULL, NULL, NULL, NULL, NULL, NULL, NULL, NULL, NULL, NULL, NULL, NULL, NULL, NULL),
('PTOUser', 55, '600 Dulany Street', NULL, 'Alexandria', 'United States of America', 'tina.donbeck@uspto.gov', 'Tina', 'Donbeck', NULL, '333-333-3333', 'VA', NULL, NULL, '22222', NULL, NULL, NULL, NULL, NULL, NULL, NULL, NULL, NULL, NULL, NULL, NULL, NULL, NULL, NULL, NULL, NULL, NULL, NULL, NULL, NULL, NULL, NULL, NULL, NULL, NULL, NULL, NULL, NULL, NULL, NULL, NULL, NULL, NULL, NULL, NULL, NULL, NULL, NULL, NULL, NULL, NULL, NULL, NULL, NULL, NULL, NULL, NULL, NULL, NULL, TRUE, 'email', FALSE, NULL, NULL, NULL, NULL, NULL, NULL, 47);
INSERT INTO PUBLIC.USER_PERSONAL_DATA(DTYPE, ID, ADDRESS, ALTERNATE_EMAIL, CITY, COUNTRY, EMAIL, FIRST_NAME, LAST_NAME, MIDLLE_NAME, PRIMARY_PHONENUMBER, STATE, SUFFIX, TITLE, ZIPCODE, COMPANY_NAME, LAST_CONTACT_DATE, PREFERRED_CONTACT_METHOD, AFFILIATION_STATUS, AFFILIATION_STATUS_SET, BAR_ADMISSION_DATE, BAR_CERTIFICATE_IMAGE_FILE_NAME, BAR_CERTIFICATE_IMAGE_KEY, BAR_CERTIFICATE_IMAGE_UPLOADED, CANADIAN_AGENT_NAME, MEMBERSHIP_NUMBER, ADDRESS1, ADDRESS2, ADDRESS3, AFFLIATIONUS, BAR_CERTIFCATEPDF, BAR_JURISDICTION, BAR_LICENSE, COLLAPSEID, DOCKET_NUMBER, DOCKET_NUMBER_LIST, IS_APPLICANTCA, IS_PRIMARY, LAW_FIRM_NAME, US_CERTIFY_CHECK, VALID_BAR_ASSOCIATION, CITIZEN_SHIP, ALTERNAME_SET, FOREIGN_ENTITY_OWNER, GOVERNING_ENTITIES_DISPLAY_NAME, GOVERNING_ENTITIES_TYPE_OWNER, OWNER_ADDITIONAL_NAME, OWNER_DISPLAYNAME, OWNER_ENITY_TYPE, OWNER_NAME, OWNER_ORGANIZATION_STATE, OWNER_SOLP_FIRST_NAME, OWNER_SOLP_LAST_NAME, OWNER_SOLP_MIDDLE_NAME, OWNER_TYPE, OWNERSUB_TYPE, PERSON_TYPE_OWNER, WEB_SITEURL, CONTACT_TYPE, DISPLAY_NAME, OWNER_COUNTRY_OF_CITIZENSHIP, OWNER_ENTITY_NAME, OWNER_ENTITY_TYPE, OWNER_STATE_OF_FORMATION, CONTINUATIONURL, PROFILE_COMPLETE, TWO_FACTOR_AUTH_TYPE, USE_TWO_FACTOR_AUTHENTICATION, CLIENT_ID, POOL_MEMBER_ID, PRIMARY_CASE_ID, PRIMARY_APPLICATION_ID, TRADEMARK_APPLICATION_ID, CONTACT_OWNER_ID, USER_CREDENTIALS_USER_CREDENTIALS_ID) VALUES
('ManagedContact', 56, '600 Dulany Street', NULL, 'Alexandria', 'United States of America', 'tina.donbeck@uspto.gov', 'Tina', 'Donbeck', NULL, '333-333-3333', 'VA', NULL, NULL, '22222', NULL, NULL, NULL, NULL, NULL, NULL, NULL, NULL, NULL, NULL, NULL, NULL, NULL, NULL, NULL, NULL, NULL, NULL, NULL, NULL, NULL, NULL, NULL, NULL, NULL, NULL, NULL, NULL, NULL, NULL, NULL, NULL, NULL, NULL, NULL, NULL, NULL, NULL, NULL, NULL, NULL, NULL, NULL, 'owner', 'Tina Donbeck', NULL, NULL, NULL, NULL, NULL, NULL, NULL, NULL, NULL, NULL, NULL, NULL, NULL, NULL, NULL),
('ManagedContact', 57, '333 Carlyle ave', NULL, 'Alexandria', 'United States of America', 'jacob.goldstein@us.gt.com', 'Jacob', 'Goldstein', NULL, '444-444-444', 'VA', NULL, NULL, '22222', NULL, NULL, NULL, NULL, NULL, NULL, NULL, NULL, NULL, NULL, NULL, NULL, NULL, NULL, NULL, NULL, NULL, NULL, NULL, NULL, NULL, NULL, NULL, NULL, NULL, NULL, NULL, NULL, NULL, NULL, NULL, NULL, NULL, NULL, NULL, NULL, NULL, NULL, NULL, NULL, NULL, NULL, NULL, 'attorney', 'Jacob Goldstein', NULL, NULL, NULL, NULL, NULL, NULL, NULL, NULL, NULL, NULL, NULL, NULL, NULL, NULL, NULL),
('ManagedContact', 58, '333 Carlyle ave', NULL, 'Alexandria', 'United States of America', 'li.zhang@us.gt.com', 'Li', 'Zhang', NULL, '555-555-5555', 'VA', NULL, NULL, '22222', NULL, NULL, NULL, NULL, NULL, NULL, NULL, NULL, NULL, NULL, NULL, NULL, NULL, NULL, NULL, NULL, NULL, NULL, NULL, NULL, NULL, NULL, NULL, NULL, NULL, NULL, NULL, NULL, NULL, NULL, NULL, NULL, NULL, NULL, NULL, NULL, NULL, NULL, NULL, NULL, NULL, NULL, NULL, 'owner', 'Li Zhang', NULL, NULL, NULL, NULL, NULL, NULL, NULL, NULL, NULL, NULL, NULL, NULL, NULL, NULL, NULL),
('ManagedContact', 59, '333 Carlyle ave', NULL, 'Alexandria', 'United States of America', 'lynn.stanikmas@us.gt.com', 'Lynn', 'Istanikmas', NULL, '555-555-5555', 'VA', NULL, NULL, '22222', NULL, NULL, NULL, NULL, NULL, NULL, NULL, NULL, NULL, NULL, NULL, NULL, NULL, NULL, NULL, NULL, NULL, NULL, NULL, NULL, NULL, NULL, NULL, NULL, NULL, NULL, NULL, NULL, NULL, NULL, NULL, NULL, NULL, NULL, NULL, NULL, NULL, NULL, NULL, NULL, NULL, NULL, NULL, 'owner', 'Lynn Istanikmas', NULL, NULL, NULL, NULL, NULL, NULL, NULL, NULL, NULL, NULL, NULL, NULL, NULL, NULL, NULL),
('ManagedContact', 60, '333 Carlyle ave', NULL, 'Alexandria', 'United States of America', 'avo.reid@us.gt.com', 'Avo', 'Reed', NULL, '222-22-2222', 'VA', NULL, NULL, '22222', NULL, NULL, NULL, NULL, NULL, NULL, NULL, NULL, NULL, NULL, NULL, NULL, NULL, NULL, NULL, NULL, NULL, NULL, NULL, NULL, NULL, NULL, NULL, NULL, NULL, NULL, NULL, NULL, NULL, NULL, NULL, NULL, NULL, NULL, NULL, NULL, NULL, NULL, NULL, NULL, NULL, NULL, NULL, 'attorney', 'Avo Reed', NULL, NULL, NULL, NULL, NULL, NULL, NULL, NULL, NULL, NULL, NULL, NULL, NULL, NULL, NULL);
INSERT INTO PUBLIC.USER_PERSONAL_DATA(DTYPE, ID, ADDRESS, ALTERNATE_EMAIL, CITY, COUNTRY, EMAIL, FIRST_NAME, LAST_NAME, MIDLLE_NAME, PRIMARY_PHONENUMBER, STATE, SUFFIX, TITLE, ZIPCODE, COMPANY_NAME, LAST_CONTACT_DATE, PREFERRED_CONTACT_METHOD, AFFILIATION_STATUS, AFFILIATION_STATUS_SET, BAR_ADMISSION_DATE, BAR_CERTIFICATE_IMAGE_FILE_NAME, BAR_CERTIFICATE_IMAGE_KEY, BAR_CERTIFICATE_IMAGE_UPLOADED, CANADIAN_AGENT_NAME, MEMBERSHIP_NUMBER, ADDRESS1, ADDRESS2, ADDRESS3, AFFLIATIONUS, BAR_CERTIFCATEPDF, BAR_JURISDICTION, BAR_LICENSE, COLLAPSEID, DOCKET_NUMBER, DOCKET_NUMBER_LIST, IS_APPLICANTCA, IS_PRIMARY, LAW_FIRM_NAME, US_CERTIFY_CHECK, VALID_BAR_ASSOCIATION, CITIZEN_SHIP, ALTERNAME_SET, FOREIGN_ENTITY_OWNER, GOVERNING_ENTITIES_DISPLAY_NAME, GOVERNING_ENTITIES_TYPE_OWNER, OWNER_ADDITIONAL_NAME, OWNER_DISPLAYNAME, OWNER_ENITY_TYPE, OWNER_NAME, OWNER_ORGANIZATION_STATE, OWNER_SOLP_FIRST_NAME, OWNER_SOLP_LAST_NAME, OWNER_SOLP_MIDDLE_NAME, OWNER_TYPE, OWNERSUB_TYPE, PERSON_TYPE_OWNER, WEB_SITEURL, CONTACT_TYPE, DISPLAY_NAME, OWNER_COUNTRY_OF_CITIZENSHIP, OWNER_ENTITY_NAME, OWNER_ENTITY_TYPE, OWNER_STATE_OF_FORMATION, CONTINUATIONURL, PROFILE_COMPLETE, TWO_FACTOR_AUTH_TYPE, USE_TWO_FACTOR_AUTHENTICATION, CLIENT_ID, POOL_MEMBER_ID, PRIMARY_CASE_ID, PRIMARY_APPLICATION_ID, TRADEMARK_APPLICATION_ID, CONTACT_OWNER_ID, USER_CREDENTIALS_USER_CREDENTIALS_ID) VALUES
('ManagedContact', 61, '333 Carlyle ave', NULL, 'Alexandria', 'United States of America', 'jackie.babos@us.gt.com', 'Jackie', 'Babos', NULL, '333-333-3333', 'VA', NULL, NULL, '22222', NULL, NULL, NULL, NULL, NULL, NULL, NULL, NULL, NULL, NULL, NULL, NULL, NULL, NULL, NULL, NULL, NULL, NULL, NULL, NULL, NULL, NULL, NULL, NULL, NULL, NULL, NULL, NULL, NULL, NULL, NULL, NULL, NULL, NULL, NULL, NULL, NULL, NULL, NULL, NULL, NULL, NULL, NULL, 'attorney', 'Jackie Babos', NULL, NULL, NULL, NULL, NULL, NULL, NULL, NULL, NULL, NULL, NULL, NULL, NULL, NULL, NULL),
('PTOUser', 62, '600 Dulany Street', NULL, 'Alexandria', 'United States of America', 'albert.young@uspto.gov', 'Albert', 'Young', NULL, '333-333-3333', 'VA', NULL, NULL, '22222', NULL, NULL, NULL, NULL, NULL, NULL, NULL, NULL, NULL, NULL, NULL, NULL, NULL, NULL, NULL, NULL, NULL, NULL, NULL, NULL, NULL, NULL, NULL, NULL, NULL, NULL, NULL, NULL, NULL, NULL, NULL, NULL, NULL, NULL, NULL, NULL, NULL, NULL, NULL, NULL, NULL, NULL, NULL, NULL, NULL, NULL, NULL, NULL, NULL, NULL, TRUE, 'email', FALSE, NULL, NULL, NULL, NULL, NULL, NULL, 49),
('ManagedContact', 63, '333 Carlyle ave', NULL, 'Alexandria', 'United States of America', 'li.zhang@us.gt.com', 'Li', 'Zhang', NULL, '555-555-5555', 'VA', NULL, NULL, '22222', NULL, NULL, NULL, NULL, NULL, NULL, NULL, NULL, NULL, NULL, NULL, NULL, NULL, NULL, NULL, NULL, NULL, NULL, NULL, NULL, NULL, NULL, NULL, NULL, NULL, NULL, NULL, NULL, NULL, NULL, NULL, NULL, NULL, NULL, NULL, NULL, NULL, NULL, NULL, NULL, NULL, NULL, NULL, 'owner', 'Li Zhang', NULL, NULL, NULL, NULL, NULL, NULL, NULL, NULL, NULL, NULL, NULL, NULL, NULL, NULL, NULL),
('ManagedContact', 64, '333 Carlyle ave', NULL, 'Alexandria', 'United States of America', 'avo.reid@us.gt.com', 'Avo', 'Reed', NULL, '222-22-2222', 'VA', NULL, NULL, '22222', NULL, NULL, NULL, NULL, NULL, NULL, NULL, NULL, NULL, NULL, NULL, NULL, NULL, NULL, NULL, NULL, NULL, NULL, NULL, NULL, NULL, NULL, NULL, NULL, NULL, NULL, NULL, NULL, NULL, NULL, NULL, NULL, NULL, NULL, NULL, NULL, NULL, NULL, NULL, NULL, NULL, NULL, NULL, 'attorney', 'Avo Reed', NULL, NULL, NULL, NULL, NULL, NULL, NULL, NULL, NULL, NULL, NULL, NULL, NULL, NULL, NULL),
('ManagedContact', 65, '333 Carlyle ave', NULL, 'Alexandria', 'United States of America', 'jackie.babos@us.gt.com', 'Jackie', 'Babos', NULL, '333-333-3333', 'VA', NULL, NULL, '22222', NULL, NULL, NULL, NULL, NULL, NULL, NULL, NULL, NULL, NULL, NULL, NULL, NULL, NULL, NULL, NULL, NULL, NULL, NULL, NULL, NULL, NULL, NULL, NULL, NULL, NULL, NULL, NULL, NULL, NULL, NULL, NULL, NULL, NULL, NULL, NULL, NULL, NULL, NULL, NULL, NULL, NULL, NULL, 'attorney', 'Jackie Babos', NULL, NULL, NULL, NULL, NULL, NULL, NULL, NULL, NULL, NULL, NULL, NULL, NULL, NULL, NULL);
INSERT INTO PUBLIC.USER_PERSONAL_DATA(DTYPE, ID, ADDRESS, ALTERNATE_EMAIL, CITY, COUNTRY, EMAIL, FIRST_NAME, LAST_NAME, MIDLLE_NAME, PRIMARY_PHONENUMBER, STATE, SUFFIX, TITLE, ZIPCODE, COMPANY_NAME, LAST_CONTACT_DATE, PREFERRED_CONTACT_METHOD, AFFILIATION_STATUS, AFFILIATION_STATUS_SET, BAR_ADMISSION_DATE, BAR_CERTIFICATE_IMAGE_FILE_NAME, BAR_CERTIFICATE_IMAGE_KEY, BAR_CERTIFICATE_IMAGE_UPLOADED, CANADIAN_AGENT_NAME, MEMBERSHIP_NUMBER, ADDRESS1, ADDRESS2, ADDRESS3, AFFLIATIONUS, BAR_CERTIFCATEPDF, BAR_JURISDICTION, BAR_LICENSE, COLLAPSEID, DOCKET_NUMBER, DOCKET_NUMBER_LIST, IS_APPLICANTCA, IS_PRIMARY, LAW_FIRM_NAME, US_CERTIFY_CHECK, VALID_BAR_ASSOCIATION, CITIZEN_SHIP, ALTERNAME_SET, FOREIGN_ENTITY_OWNER, GOVERNING_ENTITIES_DISPLAY_NAME, GOVERNING_ENTITIES_TYPE_OWNER, OWNER_ADDITIONAL_NAME, OWNER_DISPLAYNAME, OWNER_ENITY_TYPE, OWNER_NAME, OWNER_ORGANIZATION_STATE, OWNER_SOLP_FIRST_NAME, OWNER_SOLP_LAST_NAME, OWNER_SOLP_MIDDLE_NAME, OWNER_TYPE, OWNERSUB_TYPE, PERSON_TYPE_OWNER, WEB_SITEURL, CONTACT_TYPE, DISPLAY_NAME, OWNER_COUNTRY_OF_CITIZENSHIP, OWNER_ENTITY_NAME, OWNER_ENTITY_TYPE, OWNER_STATE_OF_FORMATION, CONTINUATIONURL, PROFILE_COMPLETE, TWO_FACTOR_AUTH_TYPE, USE_TWO_FACTOR_AUTHENTICATION, CLIENT_ID, POOL_MEMBER_ID, PRIMARY_CASE_ID, PRIMARY_APPLICATION_ID, TRADEMARK_APPLICATION_ID, CONTACT_OWNER_ID, USER_CREDENTIALS_USER_CREDENTIALS_ID) VALUES
('ManagedContact', 66, '333 Carlyle ave', NULL, 'Alexandria', 'United States of America', 'jacob.goldstein@us.gt.com', 'Jacob', 'Goldstein', NULL, '444-444-444', 'VA', NULL, NULL, '22222', NULL, NULL, NULL, NULL, NULL, NULL, NULL, NULL, NULL, NULL, NULL, NULL, NULL, NULL, NULL, NULL, NULL, NULL, NULL, NULL, NULL, NULL, NULL, NULL, NULL, NULL, NULL, NULL, NULL, NULL, NULL, NULL, NULL, NULL, NULL, NULL, NULL, NULL, NULL, NULL, NULL, NULL, NULL, 'attorney', 'Jacob Goldstein', NULL, NULL, NULL, NULL, NULL, NULL, NULL, NULL, NULL, NULL, NULL, NULL, NULL, NULL, NULL),
('ManagedContact', 67, '600 Dulany Street', NULL, 'Alexandria', 'United States of America', 'albert.young@uspto.gov', 'Albert', 'Young', NULL, '333-333-3333', 'VA', NULL, NULL, '22222', NULL, NULL, NULL, NULL, NULL, NULL, NULL, NULL, NULL, NULL, NULL, NULL, NULL, NULL, NULL, NULL, NULL, NULL, NULL, NULL, NULL, NULL, NULL, NULL, NULL, NULL, NULL, NULL, NULL, NULL, NULL, NULL, NULL, NULL, NULL, NULL, NULL, NULL, NULL, NULL, NULL, NULL, NULL, 'owner', 'Albert Young', NULL, NULL, NULL, NULL, NULL, NULL, NULL, NULL, NULL, NULL, NULL, NULL, NULL, NULL, NULL),
('ManagedContact', 68, '333 Carlyle ave', NULL, 'Alexandria', 'United States of America', 'lynn.stanikmas@us.gt.com', 'Lynn', 'Istanikmas', NULL, '555-555-5555', 'VA', NULL, NULL, '22222', NULL, NULL, NULL, NULL, NULL, NULL, NULL, NULL, NULL, NULL, NULL, NULL, NULL, NULL, NULL, NULL, NULL, NULL, NULL, NULL, NULL, NULL, NULL, NULL, NULL, NULL, NULL, NULL, NULL, NULL, NULL, NULL, NULL, NULL, NULL, NULL, NULL, NULL, NULL, NULL, NULL, NULL, NULL, 'owner', 'Lynn Istanikmas', NULL, NULL, NULL, NULL, NULL, NULL, NULL, NULL, NULL, NULL, NULL, NULL, NULL, NULL, NULL),
('PTOUser', 69, '600 Dulany Street', NULL, 'Alexandria', 'United States of America', 'keyte.ernst@uspto.gov', 'Keyte', 'Ernst', NULL, '333-333-3333', 'VA', NULL, NULL, '22222', NULL, NULL, NULL, NULL, NULL, NULL, NULL, NULL, NULL, NULL, NULL, NULL, NULL, NULL, NULL, NULL, NULL, NULL, NULL, NULL, NULL, NULL, NULL, NULL, NULL, NULL, NULL, NULL, NULL, NULL, NULL, NULL, NULL, NULL, NULL, NULL, NULL, NULL, NULL, NULL, NULL, NULL, NULL, NULL, NULL, NULL, NULL, NULL, NULL, NULL, TRUE, 'email', FALSE, NULL, NULL, NULL, NULL, NULL, NULL, 51),
('ManagedContact', 70, '333 Carlyle ave', NULL, 'Alexandria', 'United States of America', 'lynn.stanikmas@us.gt.com', 'Lynn', 'Istanikmas', NULL, '555-555-5555', 'VA', NULL, NULL, '22222', NULL, NULL, NULL, NULL, NULL, NULL, NULL, NULL, NULL, NULL, NULL, NULL, NULL, NULL, NULL, NULL, NULL, NULL, NULL, NULL, NULL, NULL, NULL, NULL, NULL, NULL, NULL, NULL, NULL, NULL, NULL, NULL, NULL, NULL, NULL, NULL, NULL, NULL, NULL, NULL, NULL, NULL, NULL, 'owner', 'Lynn Istanikmas', NULL, NULL, NULL, NULL, NULL, NULL, NULL, NULL, NULL, NULL, NULL, NULL, NULL, NULL, NULL);
INSERT INTO PUBLIC.USER_PERSONAL_DATA(DTYPE, ID, ADDRESS, ALTERNATE_EMAIL, CITY, COUNTRY, EMAIL, FIRST_NAME, LAST_NAME, MIDLLE_NAME, PRIMARY_PHONENUMBER, STATE, SUFFIX, TITLE, ZIPCODE, COMPANY_NAME, LAST_CONTACT_DATE, PREFERRED_CONTACT_METHOD, AFFILIATION_STATUS, AFFILIATION_STATUS_SET, BAR_ADMISSION_DATE, BAR_CERTIFICATE_IMAGE_FILE_NAME, BAR_CERTIFICATE_IMAGE_KEY, BAR_CERTIFICATE_IMAGE_UPLOADED, CANADIAN_AGENT_NAME, MEMBERSHIP_NUMBER, ADDRESS1, ADDRESS2, ADDRESS3, AFFLIATIONUS, BAR_CERTIFCATEPDF, BAR_JURISDICTION, BAR_LICENSE, COLLAPSEID, DOCKET_NUMBER, DOCKET_NUMBER_LIST, IS_APPLICANTCA, IS_PRIMARY, LAW_FIRM_NAME, US_CERTIFY_CHECK, VALID_BAR_ASSOCIATION, CITIZEN_SHIP, ALTERNAME_SET, FOREIGN_ENTITY_OWNER, GOVERNING_ENTITIES_DISPLAY_NAME, GOVERNING_ENTITIES_TYPE_OWNER, OWNER_ADDITIONAL_NAME, OWNER_DISPLAYNAME, OWNER_ENITY_TYPE, OWNER_NAME, OWNER_ORGANIZATION_STATE, OWNER_SOLP_FIRST_NAME, OWNER_SOLP_LAST_NAME, OWNER_SOLP_MIDDLE_NAME, OWNER_TYPE, OWNERSUB_TYPE, PERSON_TYPE_OWNER, WEB_SITEURL, CONTACT_TYPE, DISPLAY_NAME, OWNER_COUNTRY_OF_CITIZENSHIP, OWNER_ENTITY_NAME, OWNER_ENTITY_TYPE, OWNER_STATE_OF_FORMATION, CONTINUATIONURL, PROFILE_COMPLETE, TWO_FACTOR_AUTH_TYPE, USE_TWO_FACTOR_AUTHENTICATION, CLIENT_ID, POOL_MEMBER_ID, PRIMARY_CASE_ID, PRIMARY_APPLICATION_ID, TRADEMARK_APPLICATION_ID, CONTACT_OWNER_ID, USER_CREDENTIALS_USER_CREDENTIALS_ID) VALUES
('ManagedContact', 71, '333 Carlyle ave', NULL, 'Alexandria', 'United States of America', 'li.zhang@us.gt.com', 'Li', 'Zhang', NULL, '555-555-5555', 'VA', NULL, NULL, '22222', NULL, NULL, NULL, NULL, NULL, NULL, NULL, NULL, NULL, NULL, NULL, NULL, NULL, NULL, NULL, NULL, NULL, NULL, NULL, NULL, NULL, NULL, NULL, NULL, NULL, NULL, NULL, NULL, NULL, NULL, NULL, NULL, NULL, NULL, NULL, NULL, NULL, NULL, NULL, NULL, NULL, NULL, NULL, 'owner', 'Li Zhang', NULL, NULL, NULL, NULL, NULL, NULL, NULL, NULL, NULL, NULL, NULL, NULL, NULL, NULL, NULL),
('ManagedContact', 72, '600 Dulany Street', NULL, 'Alexandria', 'United States of America', 'keyte.ernst@uspto.gov', 'Keyte', 'Ernst', NULL, '333-333-3333', 'VA', NULL, NULL, '22222', NULL, NULL, NULL, NULL, NULL, NULL, NULL, NULL, NULL, NULL, NULL, NULL, NULL, NULL, NULL, NULL, NULL, NULL, NULL, NULL, NULL, NULL, NULL, NULL, NULL, NULL, NULL, NULL, NULL, NULL, NULL, NULL, NULL, NULL, NULL, NULL, NULL, NULL, NULL, NULL, NULL, NULL, NULL, 'owner', 'Keyte Ernst', NULL, NULL, NULL, NULL, NULL, NULL, NULL, NULL, NULL, NULL, NULL, NULL, NULL, NULL, NULL),
('ManagedContact', 73, '333 Carlyle ave', NULL, 'Alexandria', 'United States of America', 'avo.reid@us.gt.com', 'Avo', 'Reed', NULL, '222-22-2222', 'VA', NULL, NULL, '22222', NULL, NULL, NULL, NULL, NULL, NULL, NULL, NULL, NULL, NULL, NULL, NULL, NULL, NULL, NULL, NULL, NULL, NULL, NULL, NULL, NULL, NULL, NULL, NULL, NULL, NULL, NULL, NULL, NULL, NULL, NULL, NULL, NULL, NULL, NULL, NULL, NULL, NULL, NULL, NULL, NULL, NULL, NULL, 'attorney', 'Avo Reed', NULL, NULL, NULL, NULL, NULL, NULL, NULL, NULL, NULL, NULL, NULL, NULL, NULL, NULL, NULL),
('ManagedContact', 74, '333 Carlyle ave', NULL, 'Alexandria', 'United States of America', 'jackie.babos@us.gt.com', 'Jackie', 'Babos', NULL, '333-333-3333', 'VA', NULL, NULL, '22222', NULL, NULL, NULL, NULL, NULL, NULL, NULL, NULL, NULL, NULL, NULL, NULL, NULL, NULL, NULL, NULL, NULL, NULL, NULL, NULL, NULL, NULL, NULL, NULL, NULL, NULL, NULL, NULL, NULL, NULL, NULL, NULL, NULL, NULL, NULL, NULL, NULL, NULL, NULL, NULL, NULL, NULL, NULL, 'attorney', 'Jackie Babos', NULL, NULL, NULL, NULL, NULL, NULL, NULL, NULL, NULL, NULL, NULL, NULL, NULL, NULL, NULL),
('ManagedContact', 75, '333 Carlyle ave', NULL, 'Alexandria', 'United States of America', 'jacob.goldstein@us.gt.com', 'Jacob', 'Goldstein', NULL, '444-444-444', 'VA', NULL, NULL, '22222', NULL, NULL, NULL, NULL, NULL, NULL, NULL, NULL, NULL, NULL, NULL, NULL, NULL, NULL, NULL, NULL, NULL, NULL, NULL, NULL, NULL, NULL, NULL, NULL, NULL, NULL, NULL, NULL, NULL, NULL, NULL, NULL, NULL, NULL, NULL, NULL, NULL, NULL, NULL, NULL, NULL, NULL, NULL, 'attorney', 'Jacob Goldstein', NULL, NULL, NULL, NULL, NULL, NULL, NULL, NULL, NULL, NULL, NULL, NULL, NULL, NULL, NULL);
INSERT INTO PUBLIC.USER_PERSONAL_DATA(DTYPE, ID, ADDRESS, ALTERNATE_EMAIL, CITY, COUNTRY, EMAIL, FIRST_NAME, LAST_NAME, MIDLLE_NAME, PRIMARY_PHONENUMBER, STATE, SUFFIX, TITLE, ZIPCODE, COMPANY_NAME, LAST_CONTACT_DATE, PREFERRED_CONTACT_METHOD, AFFILIATION_STATUS, AFFILIATION_STATUS_SET, BAR_ADMISSION_DATE, BAR_CERTIFICATE_IMAGE_FILE_NAME, BAR_CERTIFICATE_IMAGE_KEY, BAR_CERTIFICATE_IMAGE_UPLOADED, CANADIAN_AGENT_NAME, MEMBERSHIP_NUMBER, ADDRESS1, ADDRESS2, ADDRESS3, AFFLIATIONUS, BAR_CERTIFCATEPDF, BAR_JURISDICTION, BAR_LICENSE, COLLAPSEID, DOCKET_NUMBER, DOCKET_NUMBER_LIST, IS_APPLICANTCA, IS_PRIMARY, LAW_FIRM_NAME, US_CERTIFY_CHECK, VALID_BAR_ASSOCIATION, CITIZEN_SHIP, ALTERNAME_SET, FOREIGN_ENTITY_OWNER, GOVERNING_ENTITIES_DISPLAY_NAME, GOVERNING_ENTITIES_TYPE_OWNER, OWNER_ADDITIONAL_NAME, OWNER_DISPLAYNAME, OWNER_ENITY_TYPE, OWNER_NAME, OWNER_ORGANIZATION_STATE, OWNER_SOLP_FIRST_NAME, OWNER_SOLP_LAST_NAME, OWNER_SOLP_MIDDLE_NAME, OWNER_TYPE, OWNERSUB_TYPE, PERSON_TYPE_OWNER, WEB_SITEURL, CONTACT_TYPE, DISPLAY_NAME, OWNER_COUNTRY_OF_CITIZENSHIP, OWNER_ENTITY_NAME, OWNER_ENTITY_TYPE, OWNER_STATE_OF_FORMATION, CONTINUATIONURL, PROFILE_COMPLETE, TWO_FACTOR_AUTH_TYPE, USE_TWO_FACTOR_AUTHENTICATION, CLIENT_ID, POOL_MEMBER_ID, PRIMARY_CASE_ID, PRIMARY_APPLICATION_ID, TRADEMARK_APPLICATION_ID, CONTACT_OWNER_ID, USER_CREDENTIALS_USER_CREDENTIALS_ID) VALUES
('PTOUser', 76, '600 Dulany Street', NULL, 'Alexandria', 'United States of America', 'shelly.matte@uspto.gov', 'Shelly', 'Matte', NULL, '333-333-3333', 'VA', NULL, NULL, '22222', NULL, NULL, NULL, NULL, NULL, NULL, NULL, NULL, NULL, NULL, NULL, NULL, NULL, NULL, NULL, NULL, NULL, NULL, NULL, NULL, NULL, NULL, NULL, NULL, NULL, NULL, NULL, NULL, NULL, NULL, NULL, NULL, NULL, NULL, NULL, NULL, NULL, NULL, NULL, NULL, NULL, NULL, NULL, NULL, NULL, NULL, NULL, NULL, NULL, NULL, TRUE, 'email', FALSE, NULL, NULL, NULL, NULL, NULL, NULL, 53),
('ManagedContact', 77, '333 Carlyle ave', NULL, 'Alexandria', 'United States of America', 'li.zhang@us.gt.com', 'Li', 'Zhang', NULL, '555-555-5555', 'VA', NULL, NULL, '22222', NULL, NULL, NULL, NULL, NULL, NULL, NULL, NULL, NULL, NULL, NULL, NULL, NULL, NULL, NULL, NULL, NULL, NULL, NULL, NULL, NULL, NULL, NULL, NULL, NULL, NULL, NULL, NULL, NULL, NULL, NULL, NULL, NULL, NULL, NULL, NULL, NULL, NULL, NULL, NULL, NULL, NULL, NULL, 'owner', 'Li Zhang', NULL, NULL, NULL, NULL, NULL, NULL, NULL, NULL, NULL, NULL, NULL, NULL, NULL, NULL, NULL),
('ManagedContact', 78, '333 Carlyle ave', NULL, 'Alexandria', 'United States of America', 'avo.reid@us.gt.com', 'Avo', 'Reed', NULL, '222-22-2222', 'VA', NULL, NULL, '22222', NULL, NULL, NULL, NULL, NULL, NULL, NULL, NULL, NULL, NULL, NULL, NULL, NULL, NULL, NULL, NULL, NULL, NULL, NULL, NULL, NULL, NULL, NULL, NULL, NULL, NULL, NULL, NULL, NULL, NULL, NULL, NULL, NULL, NULL, NULL, NULL, NULL, NULL, NULL, NULL, NULL, NULL, NULL, 'attorney', 'Avo Reed', NULL, NULL, NULL, NULL, NULL, NULL, NULL, NULL, NULL, NULL, NULL, NULL, NULL, NULL, NULL),
('ManagedContact', 79, '600 Dulany Street', NULL, 'Alexandria', 'United States of America', 'shelly.matte@uspto.gov', 'Shelly', 'Matte', NULL, '333-333-3333', 'VA', NULL, NULL, '22222', NULL, NULL, NULL, NULL, NULL, NULL, NULL, NULL, NULL, NULL, NULL, NULL, NULL, NULL, NULL, NULL, NULL, NULL, NULL, NULL, NULL, NULL, NULL, NULL, NULL, NULL, NULL, NULL, NULL, NULL, NULL, NULL, NULL, NULL, NULL, NULL, NULL, NULL, NULL, NULL, NULL, NULL, NULL, 'owner', 'Shelly Matte', NULL, NULL, NULL, NULL, NULL, NULL, NULL, NULL, NULL, NULL, NULL, NULL, NULL, NULL, NULL),
('ManagedContact', 80, '333 Carlyle ave', NULL, 'Alexandria', 'United States of America', 'jacob.goldstein@us.gt.com', 'Jacob', 'Goldstein', NULL, '444-444-444', 'VA', NULL, NULL, '22222', NULL, NULL, NULL, NULL, NULL, NULL, NULL, NULL, NULL, NULL, NULL, NULL, NULL, NULL, NULL, NULL, NULL, NULL, NULL, NULL, NULL, NULL, NULL, NULL, NULL, NULL, NULL, NULL, NULL, NULL, NULL, NULL, NULL, NULL, NULL, NULL, NULL, NULL, NULL, NULL, NULL, NULL, NULL, 'attorney', 'Jacob Goldstein', NULL, NULL, NULL, NULL, NULL, NULL, NULL, NULL, NULL, NULL, NULL, NULL, NULL, NULL, NULL);
INSERT INTO PUBLIC.USER_PERSONAL_DATA(DTYPE, ID, ADDRESS, ALTERNATE_EMAIL, CITY, COUNTRY, EMAIL, FIRST_NAME, LAST_NAME, MIDLLE_NAME, PRIMARY_PHONENUMBER, STATE, SUFFIX, TITLE, ZIPCODE, COMPANY_NAME, LAST_CONTACT_DATE, PREFERRED_CONTACT_METHOD, AFFILIATION_STATUS, AFFILIATION_STATUS_SET, BAR_ADMISSION_DATE, BAR_CERTIFICATE_IMAGE_FILE_NAME, BAR_CERTIFICATE_IMAGE_KEY, BAR_CERTIFICATE_IMAGE_UPLOADED, CANADIAN_AGENT_NAME, MEMBERSHIP_NUMBER, ADDRESS1, ADDRESS2, ADDRESS3, AFFLIATIONUS, BAR_CERTIFCATEPDF, BAR_JURISDICTION, BAR_LICENSE, COLLAPSEID, DOCKET_NUMBER, DOCKET_NUMBER_LIST, IS_APPLICANTCA, IS_PRIMARY, LAW_FIRM_NAME, US_CERTIFY_CHECK, VALID_BAR_ASSOCIATION, CITIZEN_SHIP, ALTERNAME_SET, FOREIGN_ENTITY_OWNER, GOVERNING_ENTITIES_DISPLAY_NAME, GOVERNING_ENTITIES_TYPE_OWNER, OWNER_ADDITIONAL_NAME, OWNER_DISPLAYNAME, OWNER_ENITY_TYPE, OWNER_NAME, OWNER_ORGANIZATION_STATE, OWNER_SOLP_FIRST_NAME, OWNER_SOLP_LAST_NAME, OWNER_SOLP_MIDDLE_NAME, OWNER_TYPE, OWNERSUB_TYPE, PERSON_TYPE_OWNER, WEB_SITEURL, CONTACT_TYPE, DISPLAY_NAME, OWNER_COUNTRY_OF_CITIZENSHIP, OWNER_ENTITY_NAME, OWNER_ENTITY_TYPE, OWNER_STATE_OF_FORMATION, CONTINUATIONURL, PROFILE_COMPLETE, TWO_FACTOR_AUTH_TYPE, USE_TWO_FACTOR_AUTHENTICATION, CLIENT_ID, POOL_MEMBER_ID, PRIMARY_CASE_ID, PRIMARY_APPLICATION_ID, TRADEMARK_APPLICATION_ID, CONTACT_OWNER_ID, USER_CREDENTIALS_USER_CREDENTIALS_ID) VALUES
('ManagedContact', 81, '333 Carlyle ave', NULL, 'Alexandria', 'United States of America', 'lynn.stanikmas@us.gt.com', 'Lynn', 'Istanikmas', NULL, '555-555-5555', 'VA', NULL, NULL, '22222', NULL, NULL, NULL, NULL, NULL, NULL, NULL, NULL, NULL, NULL, NULL, NULL, NULL, NULL, NULL, NULL, NULL, NULL, NULL, NULL, NULL, NULL, NULL, NULL, NULL, NULL, NULL, NULL, NULL, NULL, NULL, NULL, NULL, NULL, NULL, NULL, NULL, NULL, NULL, NULL, NULL, NULL, NULL, 'owner', 'Lynn Istanikmas', NULL, NULL, NULL, NULL, NULL, NULL, NULL, NULL, NULL, NULL, NULL, NULL, NULL, NULL, NULL),
('ManagedContact', 82, '333 Carlyle ave', NULL, 'Alexandria', 'United States of America', 'jackie.babos@us.gt.com', 'Jackie', 'Babos', NULL, '333-333-3333', 'VA', NULL, NULL, '22222', NULL, NULL, NULL, NULL, NULL, NULL, NULL, NULL, NULL, NULL, NULL, NULL, NULL, NULL, NULL, NULL, NULL, NULL, NULL, NULL, NULL, NULL, NULL, NULL, NULL, NULL, NULL, NULL, NULL, NULL, NULL, NULL, NULL, NULL, NULL, NULL, NULL, NULL, NULL, NULL, NULL, NULL, NULL, 'attorney', 'Jackie Babos', NULL, NULL, NULL, NULL, NULL, NULL, NULL, NULL, NULL, NULL, NULL, NULL, NULL, NULL, NULL),
('PTOUser', 83, '600 Dulany Street', NULL, 'Alexandria', 'United States of America', 'tuong-vi.nguyen@uspto.gov', 'Tuong-Vi', 'Nguyen', NULL, '333-333-3333', 'VA', NULL, NULL, '22222', NULL, NULL, NULL, NULL, NULL, NULL, NULL, NULL, NULL, NULL, NULL, NULL, NULL, NULL, NULL, NULL, NULL, NULL, NULL, NULL, NULL, NULL, NULL, NULL, NULL, NULL, NULL, NULL, NULL, NULL, NULL, NULL, NULL, NULL, NULL, NULL, NULL, NULL, NULL, NULL, NULL, NULL, NULL, NULL, NULL, NULL, NULL, NULL, NULL, NULL, TRUE, 'email', FALSE, NULL, NULL, NULL, NULL, NULL, NULL, 55),
('ManagedContact', 84, '333 Carlyle ave', NULL, 'Alexandria', 'United States of America', 'avo.reid@us.gt.com', 'Avo', 'Reed', NULL, '222-22-2222', 'VA', NULL, NULL, '22222', NULL, NULL, NULL, NULL, NULL, NULL, NULL, NULL, NULL, NULL, NULL, NULL, NULL, NULL, NULL, NULL, NULL, NULL, NULL, NULL, NULL, NULL, NULL, NULL, NULL, NULL, NULL, NULL, NULL, NULL, NULL, NULL, NULL, NULL, NULL, NULL, NULL, NULL, NULL, NULL, NULL, NULL, NULL, 'attorney', 'Avo Reed', NULL, NULL, NULL, NULL, NULL, NULL, NULL, NULL, NULL, NULL, NULL, NULL, NULL, NULL, NULL),
('ManagedContact', 85, '600 Dulany Street', NULL, 'Alexandria', 'United States of America', 'tuong-vi.nguyen@uspto.gov', 'Tuong-Vi', 'Nguyen', NULL, '333-333-3333', 'VA', NULL, NULL, '22222', NULL, NULL, NULL, NULL, NULL, NULL, NULL, NULL, NULL, NULL, NULL, NULL, NULL, NULL, NULL, NULL, NULL, NULL, NULL, NULL, NULL, NULL, NULL, NULL, NULL, NULL, NULL, NULL, NULL, NULL, NULL, NULL, NULL, NULL, NULL, NULL, NULL, NULL, NULL, NULL, NULL, NULL, NULL, 'owner', 'Tuong-Vi Nguyen', NULL, NULL, NULL, NULL, NULL, NULL, NULL, NULL, NULL, NULL, NULL, NULL, NULL, NULL, NULL);
INSERT INTO PUBLIC.USER_PERSONAL_DATA(DTYPE, ID, ADDRESS, ALTERNATE_EMAIL, CITY, COUNTRY, EMAIL, FIRST_NAME, LAST_NAME, MIDLLE_NAME, PRIMARY_PHONENUMBER, STATE, SUFFIX, TITLE, ZIPCODE, COMPANY_NAME, LAST_CONTACT_DATE, PREFERRED_CONTACT_METHOD, AFFILIATION_STATUS, AFFILIATION_STATUS_SET, BAR_ADMISSION_DATE, BAR_CERTIFICATE_IMAGE_FILE_NAME, BAR_CERTIFICATE_IMAGE_KEY, BAR_CERTIFICATE_IMAGE_UPLOADED, CANADIAN_AGENT_NAME, MEMBERSHIP_NUMBER, ADDRESS1, ADDRESS2, ADDRESS3, AFFLIATIONUS, BAR_CERTIFCATEPDF, BAR_JURISDICTION, BAR_LICENSE, COLLAPSEID, DOCKET_NUMBER, DOCKET_NUMBER_LIST, IS_APPLICANTCA, IS_PRIMARY, LAW_FIRM_NAME, US_CERTIFY_CHECK, VALID_BAR_ASSOCIATION, CITIZEN_SHIP, ALTERNAME_SET, FOREIGN_ENTITY_OWNER, GOVERNING_ENTITIES_DISPLAY_NAME, GOVERNING_ENTITIES_TYPE_OWNER, OWNER_ADDITIONAL_NAME, OWNER_DISPLAYNAME, OWNER_ENITY_TYPE, OWNER_NAME, OWNER_ORGANIZATION_STATE, OWNER_SOLP_FIRST_NAME, OWNER_SOLP_LAST_NAME, OWNER_SOLP_MIDDLE_NAME, OWNER_TYPE, OWNERSUB_TYPE, PERSON_TYPE_OWNER, WEB_SITEURL, CONTACT_TYPE, DISPLAY_NAME, OWNER_COUNTRY_OF_CITIZENSHIP, OWNER_ENTITY_NAME, OWNER_ENTITY_TYPE, OWNER_STATE_OF_FORMATION, CONTINUATIONURL, PROFILE_COMPLETE, TWO_FACTOR_AUTH_TYPE, USE_TWO_FACTOR_AUTHENTICATION, CLIENT_ID, POOL_MEMBER_ID, PRIMARY_CASE_ID, PRIMARY_APPLICATION_ID, TRADEMARK_APPLICATION_ID, CONTACT_OWNER_ID, USER_CREDENTIALS_USER_CREDENTIALS_ID) VALUES
('ManagedContact', 86, '333 Carlyle ave', NULL, 'Alexandria', 'United States of America', 'li.zhang@us.gt.com', 'Li', 'Zhang', NULL, '555-555-5555', 'VA', NULL, NULL, '22222', NULL, NULL, NULL, NULL, NULL, NULL, NULL, NULL, NULL, NULL, NULL, NULL, NULL, NULL, NULL, NULL, NULL, NULL, NULL, NULL, NULL, NULL, NULL, NULL, NULL, NULL, NULL, NULL, NULL, NULL, NULL, NULL, NULL, NULL, NULL, NULL, NULL, NULL, NULL, NULL, NULL, NULL, NULL, 'owner', 'Li Zhang', NULL, NULL, NULL, NULL, NULL, NULL, NULL, NULL, NULL, NULL, NULL, NULL, NULL, NULL, NULL),
('ManagedContact', 87, '333 Carlyle ave', NULL, 'Alexandria', 'United States of America', 'lynn.stanikmas@us.gt.com', 'Lynn', 'Istanikmas', NULL, '555-555-5555', 'VA', NULL, NULL, '22222', NULL, NULL, NULL, NULL, NULL, NULL, NULL, NULL, NULL, NULL, NULL, NULL, NULL, NULL, NULL, NULL, NULL, NULL, NULL, NULL, NULL, NULL, NULL, NULL, NULL, NULL, NULL, NULL, NULL, NULL, NULL, NULL, NULL, NULL, NULL, NULL, NULL, NULL, NULL, NULL, NULL, NULL, NULL, 'owner', 'Lynn Istanikmas', NULL, NULL, NULL, NULL, NULL, NULL, NULL, NULL, NULL, NULL, NULL, NULL, NULL, NULL, NULL),
('ManagedContact', 88, '333 Carlyle ave', NULL, 'Alexandria', 'United States of America', 'jacob.goldstein@us.gt.com', 'Jacob', 'Goldstein', NULL, '444-444-444', 'VA', NULL, NULL, '22222', NULL, NULL, NULL, NULL, NULL, NULL, NULL, NULL, NULL, NULL, NULL, NULL, NULL, NULL, NULL, NULL, NULL, NULL, NULL, NULL, NULL, NULL, NULL, NULL, NULL, NULL, NULL, NULL, NULL, NULL, NULL, NULL, NULL, NULL, NULL, NULL, NULL, NULL, NULL, NULL, NULL, NULL, NULL, 'attorney', 'Jacob Goldstein', NULL, NULL, NULL, NULL, NULL, NULL, NULL, NULL, NULL, NULL, NULL, NULL, NULL, NULL, NULL),
('ManagedContact', 89, '333 Carlyle ave', NULL, 'Alexandria', 'United States of America', 'jackie.babos@us.gt.com', 'Jackie', 'Babos', NULL, '333-333-3333', 'VA', NULL, NULL, '22222', NULL, NULL, NULL, NULL, NULL, NULL, NULL, NULL, NULL, NULL, NULL, NULL, NULL, NULL, NULL, NULL, NULL, NULL, NULL, NULL, NULL, NULL, NULL, NULL, NULL, NULL, NULL, NULL, NULL, NULL, NULL, NULL, NULL, NULL, NULL, NULL, NULL, NULL, NULL, NULL, NULL, NULL, NULL, 'attorney', 'Jackie Babos', NULL, NULL, NULL, NULL, NULL, NULL, NULL, NULL, NULL, NULL, NULL, NULL, NULL, NULL, NULL),
('PTOUser', 90, '333 Carlyle ave', NULL, 'Alexandria', 'United States of America', 'serra.trinh@us.gt.com', 'Serra', 'Trinh', NULL, '333-333-3333', 'VA', NULL, NULL, '22222', NULL, NULL, NULL, NULL, NULL, NULL, NULL, NULL, NULL, NULL, NULL, NULL, NULL, NULL, NULL, NULL, NULL, NULL, NULL, NULL, NULL, NULL, NULL, NULL, NULL, NULL, NULL, NULL, NULL, NULL, NULL, NULL, NULL, NULL, NULL, NULL, NULL, NULL, NULL, NULL, NULL, NULL, NULL, NULL, NULL, NULL, NULL, NULL, NULL, NULL, TRUE, 'email', FALSE, NULL, NULL, NULL, NULL, NULL, NULL, 57);
INSERT INTO PUBLIC.USER_PERSONAL_DATA(DTYPE, ID, ADDRESS, ALTERNATE_EMAIL, CITY, COUNTRY, EMAIL, FIRST_NAME, LAST_NAME, MIDLLE_NAME, PRIMARY_PHONENUMBER, STATE, SUFFIX, TITLE, ZIPCODE, COMPANY_NAME, LAST_CONTACT_DATE, PREFERRED_CONTACT_METHOD, AFFILIATION_STATUS, AFFILIATION_STATUS_SET, BAR_ADMISSION_DATE, BAR_CERTIFICATE_IMAGE_FILE_NAME, BAR_CERTIFICATE_IMAGE_KEY, BAR_CERTIFICATE_IMAGE_UPLOADED, CANADIAN_AGENT_NAME, MEMBERSHIP_NUMBER, ADDRESS1, ADDRESS2, ADDRESS3, AFFLIATIONUS, BAR_CERTIFCATEPDF, BAR_JURISDICTION, BAR_LICENSE, COLLAPSEID, DOCKET_NUMBER, DOCKET_NUMBER_LIST, IS_APPLICANTCA, IS_PRIMARY, LAW_FIRM_NAME, US_CERTIFY_CHECK, VALID_BAR_ASSOCIATION, CITIZEN_SHIP, ALTERNAME_SET, FOREIGN_ENTITY_OWNER, GOVERNING_ENTITIES_DISPLAY_NAME, GOVERNING_ENTITIES_TYPE_OWNER, OWNER_ADDITIONAL_NAME, OWNER_DISPLAYNAME, OWNER_ENITY_TYPE, OWNER_NAME, OWNER_ORGANIZATION_STATE, OWNER_SOLP_FIRST_NAME, OWNER_SOLP_LAST_NAME, OWNER_SOLP_MIDDLE_NAME, OWNER_TYPE, OWNERSUB_TYPE, PERSON_TYPE_OWNER, WEB_SITEURL, CONTACT_TYPE, DISPLAY_NAME, OWNER_COUNTRY_OF_CITIZENSHIP, OWNER_ENTITY_NAME, OWNER_ENTITY_TYPE, OWNER_STATE_OF_FORMATION, CONTINUATIONURL, PROFILE_COMPLETE, TWO_FACTOR_AUTH_TYPE, USE_TWO_FACTOR_AUTHENTICATION, CLIENT_ID, POOL_MEMBER_ID, PRIMARY_CASE_ID, PRIMARY_APPLICATION_ID, TRADEMARK_APPLICATION_ID, CONTACT_OWNER_ID, USER_CREDENTIALS_USER_CREDENTIALS_ID) VALUES
('ManagedContact', 91, '333 Carlyle ave', NULL, 'Alexandria', 'United States of America', 'jacob.goldstein@us.gt.com', 'Jacob', 'Goldstein', NULL, '444-444-444', 'VA', NULL, NULL, '22222', NULL, NULL, NULL, NULL, NULL, NULL, NULL, NULL, NULL, NULL, NULL, NULL, NULL, NULL, NULL, NULL, NULL, NULL, NULL, NULL, NULL, NULL, NULL, NULL, NULL, NULL, NULL, NULL, NULL, NULL, NULL, NULL, NULL, NULL, NULL, NULL, NULL, NULL, NULL, NULL, NULL, NULL, NULL, 'attorney', 'Jacob Goldstein', NULL, NULL, NULL, NULL, NULL, NULL, NULL, NULL, NULL, NULL, NULL, NULL, NULL, NULL, NULL),
('ManagedContact', 92, '333 Carlyle ave', NULL, 'Alexandria', 'United States of America', 'lynn.stanikmas@us.gt.com', 'Lynn', 'Istanikmas', NULL, '555-555-5555', 'VA', NULL, NULL, '22222', NULL, NULL, NULL, NULL, NULL, NULL, NULL, NULL, NULL, NULL, NULL, NULL, NULL, NULL, NULL, NULL, NULL, NULL, NULL, NULL, NULL, NULL, NULL, NULL, NULL, NULL, NULL, NULL, NULL, NULL, NULL, NULL, NULL, NULL, NULL, NULL, NULL, NULL, NULL, NULL, NULL, NULL, NULL, 'owner', 'Lynn Istanikmas', NULL, NULL, NULL, NULL, NULL, NULL, NULL, NULL, NULL, NULL, NULL, NULL, NULL, NULL, NULL),
('ManagedContact', 93, '333 Carlyle ave', NULL, 'Alexandria', 'United States of America', 'serra.trinh@us.gt.com', 'Serra', 'Trinh', NULL, '333-333-3333', 'VA', NULL, NULL, '22222', NULL, NULL, NULL, NULL, NULL, NULL, NULL, NULL, NULL, NULL, NULL, NULL, NULL, NULL, NULL, NULL, NULL, NULL, NULL, NULL, NULL, NULL, NULL, NULL, NULL, NULL, NULL, NULL, NULL, NULL, NULL, NULL, NULL, NULL, NULL, NULL, NULL, NULL, NULL, NULL, NULL, NULL, NULL, 'owner', 'Serra Trinh', NULL, NULL, NULL, NULL, NULL, NULL, NULL, NULL, NULL, NULL, NULL, NULL, NULL, NULL, NULL),
('ManagedContact', 94, '333 Carlyle ave', NULL, 'Alexandria', 'United States of America', 'jackie.babos@us.gt.com', 'Jackie', 'Babos', NULL, '333-333-3333', 'VA', NULL, NULL, '22222', NULL, NULL, NULL, NULL, NULL, NULL, NULL, NULL, NULL, NULL, NULL, NULL, NULL, NULL, NULL, NULL, NULL, NULL, NULL, NULL, NULL, NULL, NULL, NULL, NULL, NULL, NULL, NULL, NULL, NULL, NULL, NULL, NULL, NULL, NULL, NULL, NULL, NULL, NULL, NULL, NULL, NULL, NULL, 'attorney', 'Jackie Babos', NULL, NULL, NULL, NULL, NULL, NULL, NULL, NULL, NULL, NULL, NULL, NULL, NULL, NULL, NULL),
('ManagedContact', 95, '333 Carlyle ave', NULL, 'Alexandria', 'United States of America', 'li.zhang@us.gt.com', 'Li', 'Zhang', NULL, '555-555-5555', 'VA', NULL, NULL, '22222', NULL, NULL, NULL, NULL, NULL, NULL, NULL, NULL, NULL, NULL, NULL, NULL, NULL, NULL, NULL, NULL, NULL, NULL, NULL, NULL, NULL, NULL, NULL, NULL, NULL, NULL, NULL, NULL, NULL, NULL, NULL, NULL, NULL, NULL, NULL, NULL, NULL, NULL, NULL, NULL, NULL, NULL, NULL, 'owner', 'Li Zhang', NULL, NULL, NULL, NULL, NULL, NULL, NULL, NULL, NULL, NULL, NULL, NULL, NULL, NULL, NULL);
INSERT INTO PUBLIC.USER_PERSONAL_DATA(DTYPE, ID, ADDRESS, ALTERNATE_EMAIL, CITY, COUNTRY, EMAIL, FIRST_NAME, LAST_NAME, MIDLLE_NAME, PRIMARY_PHONENUMBER, STATE, SUFFIX, TITLE, ZIPCODE, COMPANY_NAME, LAST_CONTACT_DATE, PREFERRED_CONTACT_METHOD, AFFILIATION_STATUS, AFFILIATION_STATUS_SET, BAR_ADMISSION_DATE, BAR_CERTIFICATE_IMAGE_FILE_NAME, BAR_CERTIFICATE_IMAGE_KEY, BAR_CERTIFICATE_IMAGE_UPLOADED, CANADIAN_AGENT_NAME, MEMBERSHIP_NUMBER, ADDRESS1, ADDRESS2, ADDRESS3, AFFLIATIONUS, BAR_CERTIFCATEPDF, BAR_JURISDICTION, BAR_LICENSE, COLLAPSEID, DOCKET_NUMBER, DOCKET_NUMBER_LIST, IS_APPLICANTCA, IS_PRIMARY, LAW_FIRM_NAME, US_CERTIFY_CHECK, VALID_BAR_ASSOCIATION, CITIZEN_SHIP, ALTERNAME_SET, FOREIGN_ENTITY_OWNER, GOVERNING_ENTITIES_DISPLAY_NAME, GOVERNING_ENTITIES_TYPE_OWNER, OWNER_ADDITIONAL_NAME, OWNER_DISPLAYNAME, OWNER_ENITY_TYPE, OWNER_NAME, OWNER_ORGANIZATION_STATE, OWNER_SOLP_FIRST_NAME, OWNER_SOLP_LAST_NAME, OWNER_SOLP_MIDDLE_NAME, OWNER_TYPE, OWNERSUB_TYPE, PERSON_TYPE_OWNER, WEB_SITEURL, CONTACT_TYPE, DISPLAY_NAME, OWNER_COUNTRY_OF_CITIZENSHIP, OWNER_ENTITY_NAME, OWNER_ENTITY_TYPE, OWNER_STATE_OF_FORMATION, CONTINUATIONURL, PROFILE_COMPLETE, TWO_FACTOR_AUTH_TYPE, USE_TWO_FACTOR_AUTHENTICATION, CLIENT_ID, POOL_MEMBER_ID, PRIMARY_CASE_ID, PRIMARY_APPLICATION_ID, TRADEMARK_APPLICATION_ID, CONTACT_OWNER_ID, USER_CREDENTIALS_USER_CREDENTIALS_ID) VALUES
('ManagedContact', 96, '333 Carlyle ave', NULL, 'Alexandria', 'United States of America', 'avo.reid@us.gt.com', 'Avo', 'Reed', NULL, '222-22-2222', 'VA', NULL, NULL, '22222', NULL, NULL, NULL, NULL, NULL, NULL, NULL, NULL, NULL, NULL, NULL, NULL, NULL, NULL, NULL, NULL, NULL, NULL, NULL, NULL, NULL, NULL, NULL, NULL, NULL, NULL, NULL, NULL, NULL, NULL, NULL, NULL, NULL, NULL, NULL, NULL, NULL, NULL, NULL, NULL, NULL, NULL, NULL, 'attorney', 'Avo Reed', NULL, NULL, NULL, NULL, NULL, NULL, NULL, NULL, NULL, NULL, NULL, NULL, NULL, NULL, NULL);


INSERT INTO PUBLIC.USER_PERSONAL_DATA_MY_MANAGED_CONTACTS(PTOUSER_ID, MY_MANAGED_CONTACTS_ID) VALUES
(1, 4),
(5, 6),
(7, 8),
(9, 10),
(11, 12),
(13, 14),
(15, 16),
(17, 18),
(19, 20),
(21, 22),
(23, 24),
(25, 26),
(27, 28),
(29, 30),
(31, 32),
(33, 34),
(35, 36),
(37, 38),
(39, 40),
(41, 42),
(43, 44),
(45, 46),
(45, 47),
(48, 49),
(48, 50),
(48, 51),
(48, 52),
(48, 53),
(48, 54),
(55, 56),
(55, 57),
(55, 58),
(55, 59),
(55, 60),
(55, 61),
(62, 63),
(62, 64),
(62, 65),
(62, 66),
(62, 67),
(62, 68),
(69, 70),
(69, 71),
(69, 72),
(69, 73),
(69, 74),
(69, 75),
(76, 77),
(76, 78),
(76, 79),
(76, 80),
(76, 81),
(76, 82),
(83, 84),
(83, 85),
(83, 86),
(83, 87),
(83, 88),
(83, 89),
(90, 91),
(90, 92),
(90, 93),
(90, 94),
(90, 95),
(90, 96);



